,Unnamed: 0,image,target,kfold
0,0,tfymlmdkpzkqdjhdxyhnoeuqszxphw.jpg,0,0
1,1,rxgismgsvmaayzjarbfjaljhqmpbrt.jpg,1,0
2,2,uuzshfrhkgrkolhwdvliqauzulurnz.jpg,0,0
3,3,mjspxsagzusaznvnyxgamtrlqkqklp.jpg,0,0
4,4,rlbmuajgezfiddjzlyeoupxpqubkpt.jpg,1,0
5,5,ngvvhadzegowlxligtftkbucwyphvw.jpg,0,0
6,6,qlwbzgvdyqwncrvqzaezrrqlwuugdp.jpg,1,0
7,7,lbbmpcbdwgdbskcdmsanklchyknuig.jpg,0,0
8,8,xgpvctqkxpuljjixphprbdrkcuzfoi.jpg,0,0
9,9,tszmhququgjczggoxanwvdlzbdbxhb.jpg,0,0
10,10,qvqhxwbgpskanqpsfbigdmbpkenvgk.jpg,0,0
11,11,eqirckpknxclvrlxvfxaswsodbxlmm.jpg,1,0
12,12,yoewqnzdgdhogcwdageakflfeogisq.jpg,0,0
13,15,hcysrvramduefsgkkgvqbmxzlodgal.jpg,1,0
14,16,spdcmncwcnpqagxrlivyldeknnfcvr.jpg,1,0
15,17,zaemovvkdftxvorancdugwjzuodbmm.jpg,1,0
16,18,uvpqnqfujwsxhbgvfbvcidhcqnyuum.jpg,0,0
17,19,kzgroxmxsdfrkxusymupjaxumbwoow.jpg,1,0
18,20,cjsjioqkweumqcnobaydijuvfvtrel.jpg,1,0
19,21,iehmewhtlomanneoicvbyjonzzcbhh.jpg,0,0
20,22,uiclughuenqkjonhhjgjclflpqkhsk.jpg,0,0
21,23,hfbevhhmejjmdndclkpyeyaideyjgp.jpg,1,0
22,24,pmociluihyptefnqdlihzzodiczkso.jpg,0,0
23,25,qkishcozhztulvrhvodbabprxomeuq.jpg,0,0
24,26,gvpxmmxppqjudjgopzedpjxypiptvv.jpg,1,0
25,27,puqorndzkjfvoumnsalrxwtagkatzx.jpg,1,0
26,28,onyffqwtwwbgvwxhhvfypoauswcodw.jpg,0,0
27,29,dpdeuxtkwvguedrtkxpoqhlzmaaprz.jpg,1,0
28,30,euaxozalqcqmhzyvxpiihzcvfzpcub.jpg,0,0
29,31,iyfvcbwzfaqgyhucpjkjarokthoxrk.jpg,0,0
30,32,jmhkcysyccbltidbhhulrfrcuskgbj.jpg,0,0
31,34,ctphrbatrhaucvhkjbiocaaohfzctt.jpg,0,0
32,35,sveewpluezhyjjgpmvtpwbgollpmwp.jpg,0,0
33,36,sbeuyukmnjgyeaerbjcykdevmjtkpb.jpg,0,0
34,37,vplmaqntbpbvyyoqixjdvtipaqazjq.jpg,0,0
35,38,gdhzlcfqsexrthbxdmldnxorvyonua.jpg,1,0
36,39,fingxvtrgywssidapmeibojfikcrlv.jpg,0,0
37,40,xqpenvrsqzvtxzfyrfcdezrzrrzysb.jpg,0,0
38,41,vlcapgrrgkzxaanjypqcqdpbmiookm.jpg,0,0
39,42,jznokamxqbgrgbqmtnmgelssgyaseq.jpg,0,0
40,43,ukidlyglhjokzipbptpwiprxemvcje.jpg,1,0
41,44,hzgmturbntrerjscgioxywsfaayuaa.jpg,1,0
42,45,rehiddykktnnhwzupyadebpfdryvck.jpg,1,0
43,46,eouybnsapmsazlkxozskmiobmzezts.jpg,1,0
44,47,seukgcqtzivrfrmwkiptgtqqlrujvx.jpg,1,0
45,48,yqkmdiiogltaqdrprelrqditsdznbc.jpg,0,0
46,49,dhehiouqegpspfnclnohhsebenkdoj.jpg,1,0
47,50,vxlghbeedbdqrcvqdeyptghcfekuta.jpg,0,0
48,51,bahdwupocidtwpmrhpwdkpdgysdpss.jpg,1,0
49,52,eplqsimumlncrsppcvakbcztbqgjkx.jpg,0,0
50,53,sucwpndvjowyselnhnlehcnvwnkgxr.jpg,0,0
51,54,jsioghmkkmygqjzjykjiudwknttntz.jpg,0,0
52,56,ofuvedftjsveczvitdzofbgtlqjezl.jpg,0,0
53,57,mzbnflvlipwxvzzcyrhphjjuqosdws.jpg,1,0
54,58,hykvvhqnuhxgjbtzbllxpdvjxkjkox.jpg,1,0
55,59,qmlmfjegeachhaaeifxoatlmkoaacd.jpg,1,0
56,60,ccglfyhcakkzwlaufiuuabxhurdbso.jpg,0,0
57,61,uouhrvydvzwjhdidtrnbfoqcmutnnw.jpg,0,0
58,62,bcjtxzwosngtmfmhqjpwukughmymbg.jpg,1,0
59,63,ablhcfuyqnkcanakxmpreufqycpgqs.jpg,0,0
60,64,ysttordljlmrdwshtbvifcuvbydeib.jpg,1,0
61,65,embrjjkivqljstbjxqealmnaikwuxr.jpg,1,0
62,66,gvuvnlfasuyymmwljewpzgkmpaohrg.jpg,0,0
63,67,nyfeanbdpmwuzrvfzpdlonfwdecpqf.jpg,1,0
64,68,swaqwcqegdlzeqtkhduvjassjpgskw.jpg,0,0
65,69,vyldpdmxxktxmgjuercfvuhmlttvqb.jpg,0,0
66,70,hnkqokgieyopckjbaenpdmgnpntnzz.jpg,0,0
67,71,stjfpwlmjugoohoeqvaoebagvubysc.jpg,0,0
68,72,azgujihjrssbfelgjrhcrebstgmqau.jpg,1,0
69,73,lxdnuiynpuaqxlxtcyptuyyanaovux.jpg,1,0
70,74,ycjycyfacirnrqpeuddgyaxamspjvz.jpg,0,0
71,75,iqrdqqjwyzbxigmpjoyizdbzxwywfy.jpg,1,0
72,76,uflvwsbylljniplogotuxdtvjizuwg.jpg,0,0
73,77,lvitvjvycvoytxlzlwgvypuhvpslip.jpg,0,0
74,78,jneoqlrtawkpizfdhneqplgiayqcpk.jpg,0,0
75,79,utzvwqquncnaoturaibrafowtoszck.jpg,1,0
76,80,slpzcushaybmsibhkvcwyzfmxcsgkd.jpg,1,0
77,81,cnyjqachaoirjtlwuvfmhuseblqzty.jpg,1,0
78,83,wbkyhzfxathhiyipzpkzotbknnulnz.jpg,1,0
79,84,uqersobkusawmkpnxmeppqpydmswpc.jpg,0,0
80,85,beawbpzupyaqkmkezucjpdqahqybxx.jpg,1,0
81,86,fstuusiywhuxkcqlgiunxqbbthjcjb.jpg,0,0
82,87,bmhlecdnfmddqxlykcvgjckrpgpppo.jpg,1,0
83,88,lexnlsmwaporqkigwsjrnmmakgjddm.jpg,1,0
84,89,efmhnpqnpslwrheitqwdjiggqvjzqq.jpg,1,0
85,90,brskgxgxzricfzbtutpmakgmbkeiry.jpg,1,0
86,91,pqugtagfwxxcznsbiuymvdafrbbvub.jpg,1,0
87,92,eyfruosenrvdfoaeonbxkwajgumlso.jpg,1,0
88,93,aznaeyueexqslcxxsdjtmhlxvaqfqe.jpg,0,0
89,94,xrgkcgvfxedwmzjcxertwhrabzyfek.jpg,0,0
90,95,mshiwmufbboxbmqnxxnkvduycxqxpw.jpg,1,0
91,96,fgftnknjgcslhmzvgzyevuwbjvmolz.jpg,1,0
92,97,dkdsvadunhgyrbvvkqmxngleibpbvl.jpg,1,0
93,98,gqyiqggsgtqtmwpjtctzgajzbxlebs.jpg,0,0
94,99,rrhknnbadttjkterflybfedarbxwxk.jpg,0,0
95,100,vszafuemtbxcbdkwiconlqqgehnpek.jpg,0,0
96,101,syidwhoemyurceerefjrdqsnvuoedf.jpg,1,0
97,102,pkvwddkwgdaqwemevcgdcsyklycgyi.jpg,0,0
98,103,lcbiefkxtcoogzfkkbuzmjpjseaebq.jpg,1,0
99,104,bumetltzkxhqikkcvtewednjvxkdxt.jpg,1,0
100,105,azhnlhylrgishwltvtvjwwddqpkbje.jpg,1,0
101,106,zjpbqkpsiabpddevrrmmndvbinjutk.jpg,0,0
102,107,zcxjtwmxqsdhgnoyscwzakmrxvyjcw.jpg,0,0
103,108,lfnymioyxniwuwtygcnjdwkjsvxhmh.jpg,1,0
104,109,srhdxrxecwclnlkxjkpkfkppemyapl.jpg,0,0
105,110,gzgiwpkzpxvezrswkevtepwikkkleq.jpg,0,0
106,111,cjdycjgptonhopomfjmycbfswkfahz.jpg,0,0
107,112,nolhvpfsjjwhuwpelqsbxynlzzryfy.jpg,0,0
108,113,yozhlehavjvknybfuhavqvtflhfgnb.jpg,0,0
109,114,kitsyjvhlfnxphzzcjmyangveqzams.jpg,1,0
110,115,kprijurvnzbfnrdawwycboxdnvpfqv.jpg,1,0
111,116,mynnjdjhlxqptwvfxdwdjvxegabhzd.jpg,0,0
112,117,dmxqloymxorkvxpgnitpmpuosewzhw.jpg,1,0
113,118,wftdonqpkxawrohepkiobwmkhnkgtq.jpg,1,0
114,119,aamrmacbsylkbahdhvcfmeqvgyjopc.jpg,1,0
115,120,ngindczbczghlbprdcypuesbqtcmbb.jpg,1,0
116,121,rtccxhqclbisjkpfsdsidtgufqcmzf.jpg,0,0
117,122,bpsqgullbohggorgbajkjoktqvkapv.jpg,0,0
118,123,snmtnjbctzypzyowulzrjigrvealkd.jpg,1,0
119,124,kxffsezqghgudspenhfvfncosyhhob.jpg,0,0
120,125,ufxviypazuqrnpgsdicdpuhxngbusk.jpg,1,0
121,126,knpmsdjjupafsfktgfkvighqgvqwbj.jpg,1,0
122,127,uumdctaoqxedwurlpasaemsuwaarcc.jpg,0,0
123,128,uctayocprzifcynfyffttsnjpmeorn.jpg,0,0
124,129,eqwpusalrfwfmvgdlowponrletetye.jpg,0,0
125,130,kzwgnxvlaqdtskemzyailcwqtknjvy.jpg,0,0
126,131,zarkelwgccbevnpntosdonodvknyca.jpg,0,0
127,132,txoznnnsfdzlrlfbfityvsnyhueecc.jpg,0,0
128,134,xqdmuacwizwbjuohxxgwkvyoqwxyep.jpg,0,0
129,135,ylgyltxagvhsmfcawnzdubhlrnscmw.jpg,0,0
130,136,gmmctpebnxdfvykbiasvvtcshrljkm.jpg,1,0
131,137,kdbdyiqloxitodahlvstmxkqvlpgtj.jpg,0,0
132,138,memdyczsqlrlaywtweayfqkfooutrc.jpg,0,0
133,139,rrrhcduxrxxaxqulttmpozxxprkcnm.jpg,0,0
134,140,btxlkthqwakcphyrimpedjjyxfgaey.jpg,0,0
135,141,xynhxtqglficaxzblmtggbwrmwhxid.jpg,1,0
136,142,augqgteilmkcvkahfvognxdnegfkqh.jpg,1,0
137,143,klgavzoztlcdugackgmjfvkptmzaaf.jpg,0,0
138,144,oyelzxrdyefofcyveazssrcbkjdeml.jpg,1,0
139,145,uloxavduwqpdmzwdmtyqbynukljvzo.jpg,0,0
140,146,iqapowpcfoltnvxctelhwlqroknssd.jpg,1,0
141,147,sylgsucyayhotkvwdqjbmlanzvsrym.jpg,1,0
142,148,syfjyaditohtaxhsvfxfcvseqbmeya.jpg,1,0
143,149,izgyqexjdgyxyelbuoyefqzpjqxhzd.jpg,0,0
144,150,fdbhnkispxlueshxexbfvmlwmyyudb.jpg,1,0
145,152,wniqycuybwrxtepmmbziebuyxxrbsu.jpg,0,0
146,154,hmxlvorxckkvgfoilmkjcqopybnyxc.jpg,0,0
147,156,dfqkkbuzpttzniwjarlmkhbxsdouoo.jpg,1,0
148,157,humhrwpblbiknlpjhpqwiwlqlujsat.jpg,1,0
149,158,atywjyglemsgynxsvkjfmtmfmizfbd.jpg,1,0
150,159,idzcsuscitfkvavpondzbzedeexnkl.jpg,1,0
151,160,whnxfhywbdrtjhlxruqxdkiyacmmut.jpg,1,0
152,161,mdozhuqmfaaadkupgglsopycnsjvbc.jpg,1,0
153,162,lwjwlmveemcgzsnugqxbyflcaydqij.jpg,1,0
154,163,kdlgkrztwbnfdwllyppfqiuisybkca.jpg,1,0
155,164,onulkylxwphnvtitwdflxctukzbxmb.jpg,0,0
156,167,tuavqrwbvuiiquwvuqtxyhmggoqajy.jpg,1,0
157,168,gkyjkeedaemohdobanmdzbibahhdkk.jpg,0,0
158,169,gglpwfczlsqndffskujhufshlgfzqp.jpg,1,0
159,171,eyzpghuongisnbaqoireqbizfxffgg.jpg,0,0
160,172,ntggzagrsbptwzioinxojyzfredhne.jpg,1,0
161,173,goqvtxrmmybbdrlchmzknkpkikevck.jpg,0,0
162,174,daojyiptizhycqshksqlpxqsnyxplk.jpg,0,0
163,175,wyhxqmozvunxrqsqglhqqltfetydks.jpg,0,0
164,176,xuwjsmyeocmdzyfdrfihgpidzainpg.jpg,0,0
165,177,pmwuvrgtczywvejtxppkhclzhtgdbc.jpg,0,0
166,178,ycfdcxuyjfrmdduckgbhndndkmwund.jpg,0,0
167,179,vsoarmucnvclvlqggmogjygdwxmevm.jpg,0,0
168,180,wgorjgqlvosnettfjuhkqopzqdsrzn.jpg,0,0
169,181,erlikrotyjjkqbrapvknuabpsmaewf.jpg,0,0
170,182,bryydceebocakswstrbehhcavohezb.jpg,0,0
171,183,rdiupmntxodhniflujupeghdthrkno.jpg,1,0
172,184,mebismqkzkqqhhyeyufzwufifxkvgh.jpg,1,0
173,185,cnhpwvnrhpynjtzaqywhjzmealvepr.jpg,0,0
174,186,ekmlxxoresvqgdmowrfbpzgwrfjbhk.jpg,1,0
175,187,ioxptdqzysfomhodpsypfeyoopumwg.jpg,1,0
176,189,tbqoerqumsbyqligihafzerivmrjvj.jpg,1,0
177,190,lwdnrpyfvdowhgftrbjzkbjgihcfrm.jpg,0,0
178,191,votbkwfladhpqytknoggxfmmfmosyb.jpg,0,0
179,192,hzvudjfpugxukalkspxmtuxibfjixr.jpg,1,0
180,193,lwmdzzsaiixwqpkenspvmwbagjihmt.jpg,0,0
181,194,rbtaseskopjcawwxcolgohkunftmop.jpg,0,0
182,195,mmcdwnrfqloagorzowwuhshdkqnqwi.jpg,1,0
183,196,ahswlzuhcgpyjumleocamsdiulqqlj.jpg,0,0
184,197,ucjdirlyvruulxlqwujltutkkusvmg.jpg,1,0
185,198,cvcakuzugpciyrleluofjxfnyitkpp.jpg,0,0
186,199,ljioypzxsayfzmpzbdzksjtwgebsig.jpg,1,0
187,200,njrssmehjwaofuatvwtfbmqawuhyyx.jpg,1,0
188,201,tyjketzmddoqeyperybgkylbvgfgjf.jpg,0,0
189,202,huiiwjaunysepgwhcuunzfzsxrtoyz.jpg,0,0
190,203,rlavyoidildcmfmjxtuwmnrcsvcxtv.jpg,1,0
191,204,rpsyomvfelvtgcuwahmjpzzajzsbxb.jpg,0,0
192,205,mcabddclpgpdhsmbbhxcxjvmetthjh.jpg,1,0
193,206,qzapjaioinobcjxrgrwixsdzkfdfhp.jpg,0,0
194,207,xrdqshulknhxmjvvtkeexsfxocfoxl.jpg,0,0
195,208,xaldeoupzbrardnvwkjqgysgscnphw.jpg,0,0
196,209,ppjjkxzjbdwgtabruxbuoaozygcbpt.jpg,1,0
197,210,wtmvoqstegmdmmkewhumavgdggpoek.jpg,0,0
198,211,scinyegbsxvszgingldfiggswajhji.jpg,0,0
199,212,nkqxnxrgfurdeisgzhkalmatlrdxxl.jpg,0,0
200,213,fycejvqxgxkxwoisphftuwvqheqori.jpg,1,0
201,214,cjzsootzherxxbjigvhtuywulkizoj.jpg,1,0
202,215,ajobyfcipqvzgtddqywsphgtewgdrx.jpg,1,0
203,216,zvwtedjjyxckozhbknswxqynebmkeb.jpg,1,0
204,217,mzmafkljixvydxyqaosrmzslszvikn.jpg,0,0
205,218,cptrylokoqvforyrunlffjjxtfefyu.jpg,0,0
206,219,yyjdtnkxdhpuycghpnzxtwxfctxljf.jpg,0,0
207,220,cbiddxjkuflcqhqbzesnsbjaljwlxj.jpg,1,0
208,221,llpjfwbbvwvhfrnxgizgjtuzmoanvz.jpg,0,0
209,222,xqlhqrdayrmvhatrqxosemhrwrqpcx.jpg,0,0
210,223,cporvbdxoqrfixolhjekytjjhfaxak.jpg,1,0
211,224,chmzrwqfqjxakeopoegnmpacmeomri.jpg,0,0
212,225,gngoauwyvtrnomekbcbhqmrfcubent.jpg,0,0
213,226,xtbhorlqannjmjkqntazwodlsjzofd.jpg,1,0
214,227,rotqjlfvovubyjuxqzwgpyusyitmof.jpg,0,0
215,228,rfhdqnmawaphrfwnpfxitmxbzjppxl.jpg,0,0
216,229,kqymrnopfkwvtkjaatnzkyreiprmns.jpg,1,0
217,230,owhmxfkbmwrpclupbcwpqrjgzajhjr.jpg,0,0
218,231,jjeydmpeiumltwggrauihdyjijkear.jpg,0,0
219,232,prgpqwhfezochfstkmllzxramdcgdc.jpg,0,0
220,233,sydvpghajgyffkujckrbjuhmcxmmjt.jpg,0,0
221,234,sbcnvulixmcbjezgosfkshdcsbovtb.jpg,1,0
222,235,fbapxijsbxkhhukxpbdhhujxetoqsu.jpg,1,0
223,236,djzdqczfwvrsxvdevsnilzqmtmepjx.jpg,0,0
224,237,kotklhjvdxxfwcjfaeienjtzcdllyn.jpg,0,0
225,238,coqliuutcrbvczilweljtcvjsonnmr.jpg,1,0
226,239,auykulkvfqecycisekctygdvygjhrc.jpg,1,0
227,240,iqfdzqvlknbkzeecldpilnfphuvkpb.jpg,0,0
228,241,tmirwwzjdugzeynzmzomdkorexluiu.jpg,0,0
229,242,rwefzxdnwnkvashdcnnusjfhdkiecv.jpg,1,0
230,243,lajopjzalvfqgevcmemscyzrmtbreg.jpg,0,0
231,245,hqekuvpyyasgcjhbkttdepbndlinmy.jpg,1,0
232,246,uxydkggabzowknogwrfvrtputpjdjd.jpg,0,0
233,247,mkastywzworowdxeuctnhvbhwcjlcn.jpg,0,0
234,248,tslxepigefkmddeykwqaewrygtslwr.jpg,1,0
235,249,ogtkupzlrvufiponfimdpeocnxhvpk.jpg,1,0
236,250,fusqppukkoqlzlqylwaoenicbulzhk.jpg,0,0
237,251,nbmzvzwjridginemsejzgvvwkixniq.jpg,0,0
238,252,dneansozlgoktirzhykdooadkhiwhq.jpg,0,1
239,253,jhhtcvigjostbkkgggaamtwzurnqer.jpg,0,1
240,254,fqkgmohcyrwitoufxpoovwogpciawl.jpg,1,0
241,255,lqllkwuuiizdblmgqvsumboutwycbh.jpg,1,0
242,256,niaxfkfesixkvwlpwonntlqqsbrjor.jpg,0,1
243,257,utedtuuathvzhxpzxinudngjishbbp.jpg,0,1
244,258,bpwzubqeojttiklnrskmqheackknsn.jpg,1,0
245,259,bhlaxcbmkuzxpudcoliyjwbjfgzped.jpg,0,1
246,260,cnlmaezsbsykjrtguadjaevcaqhart.jpg,1,0
247,261,ocvraqvlvcbftlvhemucifqrtkvxgx.jpg,1,0
248,262,ihgmzyexcvpdzxsazmgbxqoyouzoaj.jpg,0,1
249,263,yzatnbwsgrqvqpsnxslzyfkckvoepx.jpg,0,1
250,264,ovvsvrvfrfspbyqyuqbiofwuvfconu.jpg,1,0
251,265,pprrewdbyvocdowungzgnyvbgeehol.jpg,1,0
252,267,aveyxuohexvwmtgiqqldejobxhcbru.jpg,1,0
253,268,aeoznpwjxjsawhiousrpjrxmeltnkw.jpg,0,1
254,269,jgrkuacafspvvcpdxeydeicyldovsx.jpg,0,1
255,271,qyqvkjizaxvsfcgnhurnzbzmoxbltz.jpg,0,1
256,272,ikmfldaptchowfrgmzrgssiqkjicyw.jpg,0,1
257,273,nhjvztqdqtiiriktdreonfvbborddu.jpg,1,0
258,274,chayxrbgfnnnkqiyuwmyxonmkhzoya.jpg,1,1
259,275,dbiadtjlgrzzqoghwvdutgcmamwyle.jpg,1,1
260,276,gpjdwopftszmosweyaapcvnamyfxso.jpg,0,1
261,277,hgnrxclaqbyniafndxadftlzibefwx.jpg,1,1
262,278,khnpcxzfluxnhcqpxbyvibhuiomwuy.jpg,0,1
263,279,qdyhvtfluuvbqutuvpwuppwpctglna.jpg,0,1
264,280,drmoebbhqisquqphavixhalrxqnxvi.jpg,0,1
265,281,jbjvrhaagikcfvbsctykaqltvwdqrt.jpg,0,1
266,282,weptoxstkbzacxhukduszypyhqxvbh.jpg,1,1
267,283,ezpufvruyaycpcrcfuovbimxvhzcaw.jpg,1,1
268,284,pucpmiivdyunxqjxigabqfqujjyyxs.jpg,1,1
269,285,lwneqjfaulignkrnobdcadsciylmcq.jpg,0,1
270,286,radafdaijhzgynzcvgpdiaqpddfwrp.jpg,1,1
271,287,pvvzfihzishaquvkgqfxcftqqarcvu.jpg,0,1
272,288,oinqmmowhtsqovexkrmiuvebkdifgf.jpg,0,1
273,289,hpurkuyxligdvrhgbtibxzbmkbvvzc.jpg,0,1
274,290,gkkyvkssgzphtrubosqxyhkaihmixj.jpg,1,1
275,291,nqwmnhkbvuocjnjrcgnmnhjhhvqhec.jpg,0,1
276,292,atxgwqlbhmrkqcaxvuetfvhgauvcee.jpg,0,1
277,293,onqlhirnckescbcbflsmyavmtzyoal.jpg,0,1
278,294,qdwzxivuebjdrugykudddewkursusc.jpg,1,1
279,295,pxugxdakuyebluqvwhhmtavlevehdq.jpg,0,1
280,296,wfgfnxerjwwaocegncznfyaueygyiu.jpg,1,1
281,297,qnikpyngsxekcazlemvbfimnmrmwnk.jpg,0,1
282,298,pbwavcntioittqeuygszeovrxnthay.jpg,1,1
283,299,savapdstrnvxewmtqnwbqejymftyqe.jpg,1,1
284,300,ahragsfmvjjtciuuzvgbuahoqpjkly.jpg,0,1
285,301,qqagdvzvzvpdpelujmkvfcdcxrgans.jpg,1,1
286,302,gzmchbgmbiwuyckveuenjgkutgaoqk.jpg,0,1
287,303,mylvywurxdiisjkzjrzewghowfkpye.jpg,1,1
288,304,aaqrdyfhhsdwjiykofhsexfdamezlk.jpg,0,1
289,305,cnszgibvpzkbpwwypnwqckfjybvezl.jpg,0,1
290,306,qjdevwklwfzdkvwysyasxfpqmatcef.jpg,1,1
291,307,dcpnflnvxiemwvoeztorrnhibjwfuf.jpg,0,1
292,308,ayrhyxisagkltdwypeacrdwucsnues.jpg,0,1
293,309,vavfrsesqwyfzsyhsxqgelkjfbpznz.jpg,0,1
294,310,riksngucvkfwkyahrmlczjyasojvwo.jpg,0,1
295,311,wfgjfivjkiitifofauuaytyeaxrrll.jpg,1,1
296,312,saajghmghgmnlwlyogbiplxvnhvdec.jpg,0,1
297,313,bokaluyqtprwstaomabkyywzpnrngs.jpg,0,1
298,314,hpkriaejvshjgceilcgissdbdjkjbc.jpg,1,1
299,315,wbikzcncuacqyqlqcmplkqwhhbywis.jpg,1,1
300,316,cyqpraocamaxzxaoivpbuybxmpcwij.jpg,0,1
301,317,dueetwolvbwjxqhmvrmhkjxoxjatxh.jpg,0,1
302,318,ywcnzhkqqkxrcrtpjgukymljcxyyyw.jpg,1,1
303,319,jprjbvnjvmnancimajwfpwvvnezgxb.jpg,1,1
304,320,thuzhkgjyvcukyyqiyovrpdyndvpcc.jpg,0,1
305,321,fepflxwsprpjvagweolynfosnytarh.jpg,0,1
306,322,fwmtgqhmsnzriudqgiettemjaudwut.jpg,0,1
307,323,uqbjmakxqbdkhskyamydtiwlkstpli.jpg,1,1
308,324,iurrhmjxbxceorfaykgawuvrsakvmh.jpg,0,1
309,325,yljdpfqmmxqcwplvtrqsxjoyvcmleo.jpg,0,1
310,326,zgvgjdxlrhfgoepmagvuivhnmfuuoq.jpg,1,1
311,327,ljxfqpvspgpqtmbhhvqxovltludxlu.jpg,0,1
312,328,kbfprdfmuicvutpvutvwhctequtcvv.jpg,0,1
313,329,fnnyhmbbxyapetrlgvdlkgfylxxqfd.jpg,1,1
314,331,ertrdwzalmofqmiykebcdbzamuvuag.jpg,1,1
315,332,exsgpqdwklswcjnraroqelbpxnoivq.jpg,0,1
316,333,fsqlihawzshtlycpvdthekrazqqvmh.jpg,1,1
317,334,laqhefejpknhdmlzkfudavqcqvhqlu.jpg,1,1
318,335,zqkcdbvwkljllfbecryuitzcmcieij.jpg,0,1
319,336,dgclmkygpoghuheokjzhvblmzkzdin.jpg,0,1
320,337,czzrmnxapwoytmvxmynsjeuroqdsdt.jpg,0,1
321,338,baecitodgixqzomgkuuixhtpxalmzi.jpg,1,1
322,339,cxqpaaqtsdapvpcoizxcayhyfykmjl.jpg,1,1
323,340,wvvphaihzxuufdtdmajriikbsbzxju.jpg,1,1
324,341,httisaslaqttgyopyxnjjmxqsqzwys.jpg,1,1
325,342,oowtnstjoknvplkhunpdwrwcpxirvr.jpg,0,1
326,343,imvxweirgozaxbythelnmuqpqbddqk.jpg,1,1
327,344,zrgfntovqjzmrenvndkyfqskmhoqbo.jpg,0,1
328,345,qyvooeiowhdtwdvlfvakecwleukbvb.jpg,0,1
329,346,vklfdggbpubyklvopwqexdutovabqe.jpg,0,1
330,347,dqzsjtgepucdjtkuyqesmirmsuirqe.jpg,0,1
331,348,wykodimykvcrclldklvwugnhnptero.jpg,0,1
332,350,agjhrdfqyvzjoivmtbrvshymsiqocu.jpg,1,1
333,351,gxcddcokodvhhuwipfpbopbnsikinn.jpg,1,1
334,352,gcfjvimyajtagycfofeygpwkyuhxoz.jpg,0,1
335,353,nafzzlvazyhqodcebnylpnmbctqwat.jpg,1,1
336,354,enpkviardsazgyepmymcseehqaadeq.jpg,0,1
337,355,igaxgfwwglqtqhlptcpwyhxfdtqtmw.jpg,1,1
338,356,jvadkqgjujwjysijjllhztmycvtmzr.jpg,0,1
339,357,ehfnvpictkwhhnzmtsypriqbfknrgn.jpg,1,1
340,358,bxazgghixladgkjuctwbbplfusnmuz.jpg,0,1
341,359,ofrtkzzqwymoqlacpghpvkmpxyjczs.jpg,0,1
342,360,jhzpnsmcjbcdmetshxtyfbnzzffwyy.jpg,1,1
343,361,kjrmigjjrknhnsepposyepuqzszasw.jpg,1,1
344,362,jovhexogcwgvnpmqopkxgqutngejfr.jpg,0,1
345,363,bpjgrawxmtctfhcujukasbzbnuphee.jpg,1,1
346,364,prkrkappwvvumujnlzbuicfjskwaau.jpg,0,1
347,365,mgtrtptwtgsplvsjpaglyvaxzzmbrw.jpg,0,1
348,366,nnjeveoldnmxhnfaumqddbihrxvxfw.jpg,0,1
349,367,bnsstzvjlmwfeypiwmkcpdcnnftsuq.jpg,1,1
350,368,cqhlktnhplqxefxijdqwvatnmjiuox.jpg,1,1
351,369,muteikifrayeljjgliwamyorikpbgx.jpg,1,1
352,371,mmjgypulumbxwwkcnaslzgxgrewytj.jpg,0,1
353,372,polqjnunfnulcgoyuhwcxlydvlheeh.jpg,1,1
354,373,lrkbgfnolnsagnfytsmwjmhvztiyhq.jpg,1,1
355,374,lseyyusejdwbevjqmnrctmdrxjqzgx.jpg,0,1
356,376,kadiyluxuyrrrbskwhfrdgwcxylovd.jpg,1,1
357,377,rrglvnqfgzdkborqqpsqfeeehwqhls.jpg,1,1
358,378,uozhapkotdfjmqorabdluvgjnwkmml.jpg,1,1
359,379,qqaypycgxnhulhjiynknwbqgrcclka.jpg,0,1
360,380,cwzcmlxrbqaooqbkorglcztgvodlod.jpg,1,1
361,381,vnqeuddcqwuownogilxzpkmdcrazva.jpg,1,1
362,382,ydrvekvlppaqqgwbjmjqfxwluazzxj.jpg,1,1
363,383,jbwenlwxtxyaqztgoicxacwxlqsjks.jpg,1,1
364,384,ceqdxlmbzctzmurwdxbknlxqjsudce.jpg,0,1
365,385,nuukxoletturavhpmprfeziaokevji.jpg,1,1
366,386,sswwlrxvhyhstuiykurjkaxwesdxfw.jpg,0,1
367,387,lfidtioamkcmvhswxwlchaqfwrspsw.jpg,0,1
368,388,rrlinfmdckrcpukpsamywkusiqmbxg.jpg,0,1
369,389,srfqemajcsxobwhyxurrrthvydfwub.jpg,0,1
370,390,ffszehfyrajcvlrynygukinvotlshg.jpg,0,1
371,391,yvnbhskxbhbhmpjdgfbaxbfamyurft.jpg,0,1
372,392,kxkdbtbgzwfhblawawnnvxtqqqtlro.jpg,0,1
373,393,jekochvwutsuioxreihlbqqbelojdg.jpg,1,1
374,394,rwgkxuqqljwvhqrsogzlihhvzjabgl.jpg,0,1
375,395,pkhjirmztlengyvcyryspaanbyyncj.jpg,0,1
376,396,dxzrogtvgozaougbwabycxrljodbtr.jpg,1,1
377,397,tmeugnpaguqbqiwpouunqzpczoucdj.jpg,0,1
378,399,csoqfmptkoxwkmkgvqijdkdcisegml.jpg,1,1
379,400,gmquckbspnnynsvwiuprdeuutxcwzy.jpg,0,1
380,401,spkeezsnymkqnktyugkoazfuphzvip.jpg,1,1
381,402,ptlreprconjgzwytlaakxutkxcyzvs.jpg,0,1
382,403,zklunmytklhhzvtmufytsaihhfrgzq.jpg,0,1
383,404,rvrmjcalhqdskhzzddwmvztgpnzucl.jpg,1,1
384,405,wfrljvnhcchkfxboqpadkaumbaktor.jpg,0,1
385,406,lrwhajwqooqvuekbjpzmufussyxmkz.jpg,1,1
386,407,xledbmwwfajbljtzrbluxkhwpjtdyq.jpg,1,1
387,409,aqdlngpcxkwcjimrenxphhaotwvgrs.jpg,1,1
388,410,evwjjlpbaiqsyxtsmrduitjsswxkje.jpg,1,1
389,411,llvmqgijbszwjhakwvfnmaaxurpcuz.jpg,1,1
390,412,lrwaaxcbcebsfnirarhqukxnhqbcpd.jpg,1,1
391,413,rblxyebdxsswuozyyjmdcyuyqjmzcz.jpg,0,1
392,414,doebulowehyakthlkgzxotiyellgas.jpg,1,1
393,415,coailpnigqsodekojjozsixodaiafl.jpg,1,1
394,416,fuwljbuiohnagiaxljrwdwhmqhqobp.jpg,1,1
395,417,vypoagcvlqcuegrqhsumgvfezwhide.jpg,1,1
396,418,zkkjwcbflswhblwenbtuoncocithsf.jpg,0,1
397,419,pgziyshsucxiixrivppqaavzpzumre.jpg,0,1
398,420,lvcugzzbmxqjlxosdzsnvjmytmcsip.jpg,0,1
399,422,sgbblueahmagbohfkssucrioqtmhdv.jpg,1,1
400,423,wcvbkuahuncjccukyjnnlzvzchywzi.jpg,1,1
401,424,lkoxarjwuqwmpidunwjkojklwclukg.jpg,1,1
402,425,xwtdzqtqfgriqpxznfomajsoopfarv.jpg,0,1
403,426,jvsaztemoymklkvejkvmlsoxymwqsp.jpg,0,1
404,427,cbgxdkgquywmdaapvjgfdwigfoxeix.jpg,1,1
405,428,jpewusgxdbannlsilpjpmslukrkgsa.jpg,1,1
406,429,hsdekumjteanhjgggeilimmmnsgizw.jpg,0,1
407,430,krwawhpsohqkntcpdihyaoyityyeil.jpg,1,1
408,431,rczcycvupqndlbjvioiphpketniefy.jpg,1,1
409,432,dobcmgwjiiurqultatbxuigachntms.jpg,0,1
410,433,wpeaomsfghnzjpbchnbeyfubtsppif.jpg,0,1
411,434,dcwpsjckwixmxqskhpxcspulebewsw.jpg,0,1
412,435,lezkptqmqeleaouzfmcpomptojvegf.jpg,0,1
413,436,iqlsdbnjowiqswcdyghueaitkmnbjo.jpg,1,1
414,437,xfpavtjcslgqpcodollaswowusfzcv.jpg,1,1
415,438,ygaawyqwpszncfgyyeympovkxinlhp.jpg,0,1
416,439,uejmbngyvypadrzijtzhdrwobwwliu.jpg,0,1
417,440,cpnmrxmbyqddxsssfksmpotmiukzjy.jpg,0,1
418,441,zawckdveggqsqhklbafqgdkpqjzivw.jpg,0,1
419,443,ngeicxstlcyqivhdvbzhmpxxwgunfd.jpg,0,1
420,444,sqffxaqqfuaaglwszqvbonxkqvubea.jpg,0,1
421,445,lowaakkcreqjtebwflpyprybqrncjq.jpg,0,1
422,446,vfwfhyvffqxlkjrrmoxyhqtkymdgre.jpg,1,1
423,447,pzoassehtplnfkhaxqlypibxxpaqre.jpg,0,1
424,448,sczhdwamqbmpolozkmncxyqtcwcbdd.jpg,1,1
425,449,yapsawxxzpgssccvmkdicpapyspgbe.jpg,1,1
426,450,xygofrhejiubcnftksdkmxbwarwodi.jpg,0,1
427,451,dlvyrcgnkszeodhqrtdqfietiaxpgc.jpg,1,1
428,452,wxnkpyvsxpcxhyfnnleacondpjnvlb.jpg,1,1
429,453,dazkdezgehvbieiapklvcrroxflbwl.jpg,1,1
430,454,wnwuicvjalgobfyplwhxebavyldipy.jpg,0,1
431,455,cacwfcrwoztpldtkbpgyevdtveivnt.jpg,1,1
432,456,hankcxghyoazepdywzlbuuayejuntb.jpg,0,1
433,457,zbmmixvefcnotutstwrxzcxyjnqyul.jpg,0,1
434,458,sozkygklirzemzkjuwtpqqlbkgjzdy.jpg,0,1
435,459,znthmaqunfjqsfybtixsphzivlxubg.jpg,0,1
436,460,xfbrahzodrtdkgppzlsatqqnerpccr.jpg,1,1
437,461,novvcdiisxcepscbjetnopaonzummx.jpg,0,1
438,462,mgghhrcrbxjdszfylgolcrjsvelhof.jpg,1,1
439,463,iefkcrieoefusyrcyicncqjnmtxybz.jpg,0,1
440,464,dacidgvhrcgyttssxvfcsancaqkqhb.jpg,0,1
441,465,doyfmrkrfntvborrdvoxnblajbljrr.jpg,0,1
442,466,qtlxhrsgyifuwxfgezqohgkxjkyypk.jpg,0,1
443,467,iznrivnlbyzccwipdiopasoqkqpdjz.jpg,0,1
444,468,xiciddvkvdxqwokswmqbeoymaumzyr.jpg,0,1
445,469,dxtrdikuzexsokwddvpdyoywovrekg.jpg,1,1
446,470,kuxwdtrzeeqezotlvqfurpzqdhvlph.jpg,1,1
447,471,cwinthcylkxogdbzmdegsdmrtdgsjt.jpg,0,1
448,472,jigqbjapcmrjvwfkrcjzukigiibttj.jpg,0,1
449,473,zwraxnnikcsbxucagwbyzvqyckwjiu.jpg,0,1
450,474,cnbzcotscamiuegmdomzehahnjirwi.jpg,0,1
451,475,etwqgdkqabjtjltlscecnmqulvdrdw.jpg,0,1
452,476,kppdekvtprvcqwfdyxzpphaknjjfsz.jpg,1,1
453,477,irwhkmmswgdvozfmrsjljfyihvcruu.jpg,1,1
454,478,gxoniiscwsmaaerouetsyezthremux.jpg,1,1
455,479,fgtyzqjuatsdfpstjjoygpbxswbqdw.jpg,0,1
456,480,liydggqgifvbzohqkhjwjudljdhuyf.jpg,0,1
457,481,jobdntvzjdvfpqwategemzrugyheyo.jpg,0,1
458,482,oejfnbmtyknfxtrneqhkwyraidkvwv.jpg,0,1
459,483,pfhdkjlmhlatgfauqnoagoubkxccah.jpg,0,1
460,484,hliwxrvmssilvybjbccoaxecnltylv.jpg,1,1
461,485,gyufmuyplkhgejrjmsenqbbtcdaawf.jpg,0,1
462,486,btxrtykxyndbccgvyboscqgesotvhy.jpg,1,1
463,487,hdkrlyaphygybkarupttnzhzmopelk.jpg,1,1
464,488,ekyurepahzoaxcofcxlnjlwebjzsrt.jpg,1,1
465,489,krvzqzlunkaseffqvkvryniendykfg.jpg,0,1
466,490,vowykwetsbqrojhitqvjnahcsbybxk.jpg,1,1
467,491,qrzxncrfkjyavdjajjcksslcftadbk.jpg,0,1
468,492,fgwjrbepbyjmakbkjmqwbivmqwznez.jpg,0,1
469,494,pyjadmrpperkkiavagwhiuxyfoncxx.jpg,0,1
470,495,opitzcdsxnaudhsskebbpddfrizcmb.jpg,1,1
471,496,lfksbuaqwrieayohbfptmumbfjdebb.jpg,0,1
472,497,yqjgzjfimcosaiooagedxshaqvyohm.jpg,0,1
473,498,axgzuajfnlaucpbqcaefhqeczaeebl.jpg,1,1
474,499,ikhlomyatxfvjjynfgpmyquiqlzufq.jpg,0,1
475,500,knksbcprgvtefnwojmwjjfgunjbcfo.jpg,1,1
476,501,jsshpeconezopjazqepucqtvkuxkyn.jpg,0,2
477,502,dqhgxnmlcyindyufkvtbxzhwmwgbum.jpg,1,1
478,503,ymdebxtkxelgjcfcjjpmhfudampdxj.jpg,0,2
479,504,tlxqlatzdxqoocgbfpvvatxxqosfbh.jpg,0,2
480,505,ppfbcnhfnqgnhkedevzxomwqrjtsgk.jpg,1,1
481,506,tqlkdrgyxadrgxdsteqndjrsdcpzry.jpg,0,2
482,507,vtpnyeyupdwxmykjczbhacybmfpxyt.jpg,0,2
483,508,qrszgqeyvimvdknvmkexzzotmlhvoh.jpg,0,2
484,509,nmrfconhojuuwqaszmvlzsnywysruv.jpg,1,1
485,510,mmyzpsubrlmncomjiljweurkyxwtoq.jpg,0,2
486,511,kxdrybuvxglafohrxfhxfkvhqmwuzu.jpg,0,2
487,512,yynytdunmamenhqlhvnmphhhhbovmm.jpg,0,2
488,513,tfzyixafumiekytpfdocrfjzzvhvtl.jpg,1,1
489,514,hqeofiflkshpmnrxlccsidhzmnuthh.jpg,0,2
490,515,gybimawglrtzozisflzbfehsuxiooy.jpg,0,2
491,516,zicacpsjfajdzudyzedyjjhumgulty.jpg,0,2
492,517,wcfptsqwbisosjljrubgfekrpwiazc.jpg,0,2
493,518,eodhhoakptpopitocuudmfaljlnxab.jpg,0,2
494,519,etdttnaofpvzbpekfuymfliovmwxxk.jpg,1,1
495,521,bifznsjlljsdatbtmokwhhwoshezsg.jpg,0,2
496,522,ooekdkrhzhpuugrwbaswapsjwcidoe.jpg,0,2
497,524,ffstpobcxhdierscaqhreofaxiliip.jpg,1,1
498,525,ulnjnxlyhzgzocbrdprrhkksccjugm.jpg,1,1
499,526,gkxlskgoqgmqkdsgnelilksjyucgro.jpg,0,2
500,527,lpjfigkmftfajewyssranzkwawkuaa.jpg,1,1
501,528,oprgyxfhjuiuxzmjvmnfvppeibtqpu.jpg,1,1
502,529,smjjwgyxrvpedxzgdgdxmadkzjhxxb.jpg,1,1
503,530,emtetjfvjynygrlylqpjgycqgkndtw.jpg,0,2
504,531,autgwhcjgvsfakpitnsnrokzbcglon.jpg,0,2
505,532,yhmribvabgggpbtlllehizxkfqalqq.jpg,1,1
506,533,ylzxdqpxqrmwexsyhyevghbgbxjqvc.jpg,1,1
507,534,sdnwpkzowelajiqebyrqmygeooeqmm.jpg,0,2
508,535,zqnjslbgufdovwfmrjskyqyilsadsq.jpg,0,2
509,536,nbhdqoisxkcoozgkwyuwcjehniqxwm.jpg,0,2
510,537,blndjtttrlsvlvcbsrflouowheehrc.jpg,1,1
511,538,gvffkeypaoiwhtdwczabeuqtyiugtr.jpg,0,2
512,539,zoptssyykrqwylautftdjjbgujmiig.jpg,0,2
513,540,hkkdallyhxmfjjchsoxesxebhtygvq.jpg,0,2
514,541,gmgpdflphzxcjngvqpgwqjwcnugelz.jpg,0,2
515,542,iqcjnyjecbuqnswlixwfxstemuhnts.jpg,0,2
516,543,gvryvlubplzelzmzewqhwohzqtljdw.jpg,1,1
517,544,irpggwgdilveqldjbjiujbbaliueyj.jpg,1,1
518,545,dqxbhahwtsftpzeyzuctzxbmovacgz.jpg,1,1
519,546,rcxywpuskfedmzzdlsgdchydttahky.jpg,0,2
520,547,fzndcjcmodhbdeunmladhvphggphiz.jpg,0,2
521,548,jdptxyosmpkadzefqwdybhczwcetls.jpg,0,2
522,549,frriasrrutbfzggwldhrkzkkdtddbg.jpg,1,1
523,550,farjpgawowkvandaiyutqnfxllvokd.jpg,1,1
524,551,kjgubfzpwtlwkzuismodgzncsolkjj.jpg,0,2
525,552,pckemkmgjbvdmhcthlxuxlqzmkyspg.jpg,1,2
526,553,nvqdkncyhnyankdznzuvfzynonqkon.jpg,0,2
527,554,xyallbtelawepbmsjjojbobschpdqj.jpg,1,2
528,555,jjrvufzuvhbrekmahtgbyvsaipesyh.jpg,1,2
529,556,cruflligcqifwoncmbkjzmzmvshxgd.jpg,1,2
530,557,hdrkardohmljfoaejdpbpkutfrdfur.jpg,1,2
531,558,kamgyhpvfmaabzbahljxxmqgwrlpae.jpg,1,2
532,560,jeboojkgogozhjiwalokxhyjzscpwq.jpg,0,2
533,561,ejxavuqtingroxooeqduqpnvqlugox.jpg,1,2
534,562,gqacfwfotqwlbvmobfdquaduwhdpck.jpg,0,2
535,563,xfydzktuxgnvvjbtvrsbaqsfrrssef.jpg,1,2
536,564,ieogzamndwfuoojnrlwwiqzaljogjt.jpg,1,2
537,565,ulxbbojlpaqhkjknzhqdghmetdkcdm.jpg,1,2
538,566,nkbuhxqaddijjvgcplsbxrnwexvmll.jpg,0,2
539,567,aajjpjqlqyywucvkzuwsqpbxxyqiih.jpg,0,2
540,568,tymkjmdvwpcgmrzfzeauxkveghfpvu.jpg,0,2
541,569,tjztdiwdlzaczgiuxnefdthkjqamgb.jpg,0,2
542,570,ylpmuviirizhvbbavarakofbdlvxgd.jpg,0,2
543,571,lhojqfvhrfwmodaowocjgjcaczkzun.jpg,1,2
544,572,tlqiandivcgezspueqmnfwpvjqvljv.jpg,1,2
545,573,xssuquzxphcmdrpcrurcedzxwazbmm.jpg,0,2
546,574,ccpskwjtxpkwxhowtovvbtrdxmzcun.jpg,1,2
547,575,cnzwogmqaujdoaoctjcufqkmivzndh.jpg,1,2
548,576,vrjjsujewecjybqxmlmyblvooodgzm.jpg,1,2
549,577,vcrhwteptppxtmhpzjozlvktyieyek.jpg,1,2
550,578,tosktmljkjfdmmowiceorrsducmhrj.jpg,0,2
551,579,kfonflqwzjoypdteyfienebvkryoyx.jpg,1,2
552,580,gknekhtxumsiktsbnrmczrczxalrml.jpg,1,2
553,581,wucmpjefqutxiadolljzpiqrkkcdlu.jpg,1,2
554,582,lurovcxqvkdzpyjuugsafvbajfortt.jpg,1,2
555,583,qpnntburywwiwdkslpzaieackmscrc.jpg,0,2
556,584,bbncsestiogrfkymcgbrpxajcokkox.jpg,1,2
557,585,rldychejdhgkktihmgwbrxbqeudjlj.jpg,0,2
558,586,fljvamzsszpwkqeorlousfurjgdxlp.jpg,1,2
559,587,kqihfuctnngjaelqetrinzltnazdmf.jpg,0,2
560,588,bmvnzkvdelwaoppjowbbezfdzyufzu.jpg,0,2
561,590,oxscmkbbcgtjxjwiimmlnyvtmkcuel.jpg,1,2
562,591,tqscrbcqdkpvdlzdmelyelbsmkfsez.jpg,1,2
563,592,qrqhjgtolfxpujhfaqdmbnzbhkgddy.jpg,0,2
564,593,rwewqiizlikiupmglroawuashwktcw.jpg,0,2
565,594,rzunvltrzlytruultkysvgwkdxcagl.jpg,1,2
566,595,jkevoxejdweimrvdqxcsclehlhgpte.jpg,0,2
567,596,ysfxfqfsclwknvfvptcumiowxglpqx.jpg,0,2
568,597,tjnirjfuwyulpykgpymwnhktcziftj.jpg,0,2
569,598,gsjyikrwaodcitgrgcsalsppuceamz.jpg,1,2
570,599,rplmzaccmemuesqysjbrcfkmxlzsdc.jpg,1,2
571,600,ithkkmgmiihhewlqiycznvepzxxaoh.jpg,0,2
572,601,dpyeigsuhkdzjmslxzpnuomzhgghqf.jpg,1,2
573,603,cfeetndnzhmalxewaafeorzbjfdkkp.jpg,0,2
574,605,bwrmkzlhqvmecajtmfvicmankqhpvk.jpg,1,2
575,606,znuhfdsvytafkwfjqxbzuvyaehtpex.jpg,1,2
576,607,tcgcmxqebwirykftgvichdlelkrsxi.jpg,0,2
577,608,jgwydywnuqwynmpqbohhhhxqvszsug.jpg,1,2
578,609,captiqioqqslxlipgqznzxtpwzevls.jpg,0,2
579,610,qmnjdtxpccsokmtoxckorwgzxxsgew.jpg,0,2
580,611,xydfmddsoanzmvokauiojbvuqimzdf.jpg,1,2
581,612,uhtvagonubwtidabmaskzbmlwqbdvm.jpg,1,2
582,613,notbyaanldpimaiuliqkvxystzwino.jpg,0,2
583,614,trgdslyznzcnkejjabvoetbimapzpu.jpg,1,2
584,615,sznikdxsxbwemsgidcfglqtmhfpoxu.jpg,0,2
585,616,shmtmwkqlkkoyxtnqfoxvxmljlvkpc.jpg,1,2
586,617,tkwoxmrmbiepsavmqvuarvdufgwyga.jpg,0,2
587,618,vbhwvtwajbggbvmhdufuzbhairvsom.jpg,0,2
588,619,zozjmbbkkzxemobwbhftgskxlwmnwi.jpg,0,2
589,620,cedgvznnkdxgvubwvjbgqvxetzqipb.jpg,0,2
590,621,qfzjlvwypfhaduhpbwckzctsuqnxsp.jpg,0,2
591,622,yvrbjqlyidrstzvpyfiyroshdhpyzm.jpg,0,2
592,623,koyzsmvyanbokoocvaqszccxzprpza.jpg,1,2
593,624,xrulqhbcbggsafptdvbuujqpyhejpi.jpg,0,2
594,625,yqggczpviodhiralxnqqveapcvqjze.jpg,1,2
595,626,rxgbwdnfesvbcjpwxccmwmujsjubwz.jpg,0,2
596,627,rdoiauxzuiksyyuqofqzapdzuhcbjs.jpg,0,2
597,628,cyuhqosnymnrludnccguohuyyzegti.jpg,0,2
598,629,lycttvvlmfidyniqbvvmwkktwserol.jpg,0,2
599,630,bhyajkefrzixtsylypevexueyjgtky.jpg,0,2
600,631,ltzllosqifwqjsdsplvhthkbyhcssf.jpg,1,2
601,632,ksqecvsnltcyxdcldmxtjdntyoycrw.jpg,1,2
602,633,mpiyfegdfcjyqdhxblcjlskygxegdd.jpg,0,2
603,636,htxzeentvvqcxqchlxrytlydqighzo.jpg,0,2
604,637,dusrdvulolkrvswqywrqcndcwzavmw.jpg,1,2
605,638,eckxcaejqyvtuechtzdhqwvgztzsbl.jpg,1,2
606,639,huolilhmkjmyercgadqqhrcfwwexxz.jpg,0,2
607,640,vjvkdjarjsqwnoqmflxlkpeyilphcf.jpg,1,2
608,641,kiwebmtvbfolhclghcbcdqijihdrdh.jpg,1,2
609,642,zooycwpynberlhuuryszsaamazedzf.jpg,1,2
610,643,zmmadsbdxxoxfbalhhobqlkenyyuao.jpg,0,2
611,644,jcsxrpylhqlwnltbqngzzjeemcdkbb.jpg,1,2
612,645,tnqlerkzdybeaavdttizowcnumddzl.jpg,1,2
613,646,sxniydiarotpallkxakejekesnivla.jpg,0,2
614,647,vsnbfyibouzmvezamzmtobvrakeupc.jpg,1,2
615,648,oeleqthivpylwbdjuoycbcogfmetxt.jpg,0,2
616,649,tffkinxuvgxoupdcbsbnzjzskzzhwj.jpg,1,2
617,650,nhbabiosquchymecbfjyquzxptgcld.jpg,1,2
618,651,xggkpsfdqlrytnyzcyielxldjdjqxt.jpg,0,2
619,652,bcaihuylsfysvkykincbwuusrxreut.jpg,1,2
620,653,afolbmlyqayubtqtlsqdafbvzreajk.jpg,0,2
621,654,pueoruxicpinrqmhckieebldxnjkyd.jpg,1,2
622,655,kuoyuvkfoyfhbhpwwyzvsfqnnqqvdk.jpg,1,2
623,656,dbegrxzxpmcxwcvgkgnbcjrmsthuyj.jpg,0,2
624,657,vniffeibeanebbexisydukdulrmqom.jpg,1,2
625,658,wvauzdfgrycpbawdvmdvdddklmoqtt.jpg,1,2
626,659,pkyimaglbzxkstjmaphqpravyqrmqw.jpg,1,2
627,660,bnsqhptlglmoenyzgkrbcyxsznizfb.jpg,0,2
628,661,aalpjcukdicembbvukraexfyxkmsnd.jpg,0,2
629,662,jawvljuifsyleiijslvwujhrqhbwqb.jpg,0,2
630,665,hqoqahbsyglomvxyivijhnaoywfhov.jpg,1,2
631,666,yazsmoufnxenxxgcspfqqsapuzrowe.jpg,0,2
632,667,rxtxndoptaaqidlhulmpdmefkdpiyq.jpg,0,2
633,668,sfbqiftqsrtklymfhjzytesgkrhhux.jpg,0,2
634,669,gsrkelpufbyhyoryilxvbkdtmdlxrf.jpg,1,2
635,670,zlvfjbpweenvarxlpjomdogsenjovp.jpg,1,2
636,671,kmyknxmqzetkaeiegexpirtonouctn.jpg,1,2
637,672,smxnplbtgbfqyyjpexjufyeieeoxsu.jpg,1,2
638,673,ojujwjhiizzvxhcmwlkaqwqqibiand.jpg,0,2
639,674,cxpggaenxadozfeebdjhykalhvlzwz.jpg,0,2
640,675,gfzzbdsqmxtuhebmakkqfchefhkcxc.jpg,0,2
641,676,wocscofbqalhhdcmyuxnnkgqassbmg.jpg,0,2
642,677,zvhwdvmjyizivgkirrmygqdrjdaxcz.jpg,0,2
643,678,rsrhondgwszfonirfiliehbxuwhlpr.jpg,1,2
644,679,uwucyjocqumbezaldglwpluscjzyno.jpg,0,2
645,680,hphgwudyfwnedmmpjzzwkbxrpbuqis.jpg,0,2
646,681,xnfgepdnadxffeymlrgklsjkzsrwof.jpg,1,2
647,682,fafcnwbkuuwiburppvdrmecsijfine.jpg,1,2
648,683,bplxokaadmxrmwucjvwtoxryickzve.jpg,0,2
649,684,exfkjarfpkqwyzpfkolhmyijlgluit.jpg,1,2
650,685,jjbohndpkbfozxbruuvuzlkbpgzldz.jpg,0,2
651,687,doyhoqamjdzhrhbpojtvsttntwlvxw.jpg,1,2
652,688,jlxckhwvzjrwpqolkwymqonfhnuqir.jpg,0,2
653,689,lclzinfcaigjtheunghbgremjehltf.jpg,1,2
654,690,yfkwqrcyjfloklasitpkfkubsodlft.jpg,1,2
655,691,ccsqimshvulntrsulqmquamhgqdfim.jpg,1,2
656,692,dwsgrqlfgrztnpkjwnwkgbofeaikcj.jpg,1,2
657,693,ripdtzdedsorsqleqqeduzqcdjttve.jpg,1,2
658,694,wpyvgvjhybaljtzduconhborbnpcps.jpg,0,2
659,695,fhvdgoubvfcgxjujffdgyklyosgres.jpg,1,2
660,696,cwpopsihrhiapzrwdhyrbomfvxnwke.jpg,1,2
661,697,yvqaugmktlxunneeojbdaadpgzllio.jpg,1,2
662,698,rlmxgbcjhewmegwmlgmfpleeooabzr.jpg,1,2
663,699,xtknzzxtppwsfqilqmivpipwmhdryr.jpg,0,2
664,700,xovvldznlqklyuonzbcimsjbzxrtgd.jpg,1,2
665,701,hpqcpfrxfbtbfdnislyooeeiyekmcx.jpg,1,2
666,702,qjqklnywvybvtulyyikymclmtgawvv.jpg,1,2
667,703,iggycbsegvgyvgrmpiaydouercfbfy.jpg,0,2
668,704,pfgxjwetmfsmdjoflxwgqrpcnzubvu.jpg,1,2
669,705,bvzojhjcmtfccktnbljmylimgnfwsb.jpg,0,2
670,706,fhbhkdyfrjsymzsvfxustejtuzqzlw.jpg,0,2
671,707,ndjxcrftvbfeocnwaouxevwuxlroeg.jpg,0,2
672,708,ldqowvydrrdihcpcdpsrwcvvypzwvp.jpg,0,2
673,709,fxabxelzigxmknqqpjmwxczofzhdxi.jpg,1,2
674,710,xtufvpqkfqlbucbyyiiuqqhawkwzxt.jpg,0,2
675,711,fxkkripbvitiqtsukplynjrmychvrx.jpg,0,2
676,712,ljkyoarjjsfzpguocnnmteqqidnztx.jpg,0,2
677,713,vcozhttcspyczzezxxswrkpngzisqo.jpg,1,2
678,714,ikzfewrnprjkjxqprgrdpyoambtfzf.jpg,0,2
679,715,wqocnoddovcesbkosdplpzopryuxyl.jpg,0,2
680,716,dnadyjmewxvquiaiwpxbiwtejdfovs.jpg,0,2
681,717,jqvwfwufxhkznipxenyyzefofyxsxa.jpg,0,2
682,718,lyaheedwudtwkzslpvxsxysnjvvxxr.jpg,1,2
683,719,nlqbrtlzrqyxcaxccanryeedvnbwmv.jpg,1,2
684,720,fvalbwostdugdeyqukpbassdlstthi.jpg,1,2
685,721,bzrsikipeicitszmwmfqytppuajwiu.jpg,0,2
686,722,iiocytanewmdbjhijzbaeukvprozkl.jpg,0,2
687,723,ptpvmwazzkhcsbxhrnflggepsqozbp.jpg,0,2
688,724,nnicvcsnojpjoogiukdyvyyclynvwg.jpg,1,2
689,725,vrsmwcirdmmrwrhqqspnhzexfaqtvd.jpg,0,2
690,726,xjaxtjkekahfcifoqlgllswwfyebug.jpg,0,2
691,727,mdaiwelvdrvnwdvmiscgleenkqplav.jpg,1,2
692,728,zvzkkzsfdqmjtlrhvthrhdtepmqsid.jpg,0,2
693,729,atdwaouazthyftuuesnxnwlhsrpyro.jpg,1,2
694,730,aqkluebfguwjhfdnbtawdmdqodyyeu.jpg,1,2
695,731,jlktvfsmpqlvkrrqdgasnhoakjrjqj.jpg,0,2
696,732,ceozklyaiyxgecshtygxhifbdvrash.jpg,1,2
697,733,pfutfxmybthfstflqplbghxjwekymi.jpg,0,2
698,734,ruumdlbzximznkdvthbbslwtoojgmh.jpg,1,2
699,735,jirnnxrgdbshaungrbvvvekddkeerh.jpg,1,2
700,736,juorxdrpbajlawyahstvwdoddptwlk.jpg,1,2
701,737,mlldevmpqhoamrbrrlvnrktvlgfgwn.jpg,1,2
702,738,orvfmmbzokxrfzzebqwhmdxtabiphp.jpg,1,2
703,739,fohxsjmbxsoevtjrjdlmghiuiqliph.jpg,0,2
704,740,azazbwzigdzxxsvmcizyuqgivdyhzn.jpg,0,2
705,741,lfpqyqobvryudfxxcabcncphmtavle.jpg,1,2
706,742,uceyzrlbtdzbqhiousxplkcrbpmrek.jpg,0,2
707,743,hguumdaaqstpcffrlexqqlngjimmdo.jpg,0,2
708,744,mbfvsfzeavinlickncknujiiijozlp.jpg,0,2
709,745,hmekbeggwejgmeyiyeikmfmpblypqi.jpg,1,2
710,746,uzewooxjwzphkroseskteuzyuzjgrr.jpg,1,2
711,747,yejtjqvmwykfupgbxztgisddkihejv.jpg,1,2
712,748,azadjuyizexjplduvaljrdnrjtanva.jpg,1,2
713,749,cswbdmyixhgdmijgyjubfspitwdchv.jpg,0,2
714,750,xvmgxuezjatrlkheuhyptaqnmjxhma.jpg,1,2
715,751,alerbvrcbgcixyzdlyffzbfkpdgwkd.jpg,1,2
716,752,azfbfdfqkxkktbfwafkalnkguaxfzj.jpg,0,2
717,753,hqfzdsgslobnqxhvrhbuoiowyghdfo.jpg,0,2
718,754,eijlcxndtcvdunbcfsyskzeecytlnt.jpg,0,2
719,755,oacvephlszgjxklimxnctmjegievxx.jpg,0,2
720,756,eoyfnldavjpyxjmxcvgxreuoleerng.jpg,1,2
721,757,ppdpnyylimrgedcfjcqvamcpatqskd.jpg,0,2
722,758,akrlmivoxlpffehvhrxrjgrntipsel.jpg,0,2
723,759,kdpabiczbuqitjbdvxzvxvmdggsmcl.jpg,0,2
724,760,qfcknaduwxoswgzztxvuylwanspozc.jpg,1,2
725,761,vadaiomvxyhfgnhwlkzaoxhjsmtcwd.jpg,1,2
726,762,heagvsqrcarbiqiadaefbecybcehmr.jpg,0,2
727,763,xjrjjqvtylupyblgzghhuebfbhvvjm.jpg,1,2
728,764,eovlaektknghkpghvyrafpoaxjrdnd.jpg,0,2
729,765,ksfdmiebxcibuqxlbtolqttmbednwg.jpg,0,3
730,767,uyewthadxzfbmckhzhsndrchnfnepa.jpg,0,3
731,768,ucroyqowxzlrfrcjxzhobrmwbekttr.jpg,0,3
732,769,urtdruueegyfycvcdknzgyocsghctg.jpg,1,2
733,770,cxcbhkudpsisssjflxuagoxflcoxnk.jpg,1,2
734,771,hgfhebhlukffugwvbwaufynionfkfo.jpg,1,2
735,772,uaeqvxgwlueapnycgaifofwtkvodbc.jpg,0,3
736,773,drqvhgjwrpsddpddweufwsmkgxsljd.jpg,1,2
737,774,rksqzlcxasvmtjrehpakncdrkrjpai.jpg,1,2
738,775,lpzfzoqxdxihmbajczwrurtfpiyxsl.jpg,1,2
739,776,hshqnfrbqdlkgqltoyqkrexkorfjre.jpg,0,3
740,778,vbcancybsptbqsobsldvdnkahhxgtb.jpg,0,3
741,779,vgulebonunlzcfdxqukbcwdamverae.jpg,1,2
742,780,ombzwbkxvmpafucqwcuyyyuyysmvsa.jpg,1,2
743,781,ireaconaqcgczoiwfpyledyngsfbjk.jpg,1,2
744,782,bmxsckmkwapkagiozaynnonavjcgen.jpg,0,3
745,783,ambbkpqhgtcwjofhbdceuorvkywjxc.jpg,1,2
746,784,teroetlpnnedamxzpznwalwxrqzxwl.jpg,1,2
747,785,zrkxxmwsdwtkitrchyjjeozjdaqoja.jpg,0,3
748,786,gnyzdykynwgfkopwlswdcsvsicyhmv.jpg,1,2
749,787,cppeuzgqltblfdxsvwwzcrlorytkvf.jpg,1,3
750,788,ukvfunnijeluxotwajuzosecxipniy.jpg,0,3
751,789,fcjuairujezzonrmgfkwygqpglkyls.jpg,1,3
752,790,zjrtntxkczcpztzwvennenqdlvzenm.jpg,0,3
753,791,pxuyttruriygpdgpljulkxpxquleke.jpg,1,3
754,792,avkicuxahzozhlebetkvlzrsnmovcm.jpg,0,3
755,793,evstzeujdndvuhnvkqaztcypobvlbc.jpg,0,3
756,794,zodeyvphbleuyiuloskrsfttkhalfi.jpg,1,3
757,795,wbvyywnkzckcygjoslkxhnvaipouce.jpg,1,3
758,796,jnjhuaftisdikutxavumxjnughgpwh.jpg,1,3
759,797,tmccwfoucxyhvuyxkuvsjfozytxuya.jpg,1,3
760,798,dqkqlwspzvuqandxmjnevnuugebonm.jpg,1,3
761,799,pnaofplnsbnqynjolxyptbtfkccxbz.jpg,0,3
762,800,vphrmwhbsmdanwgzrdxqtpuxoxayek.jpg,0,3
763,801,lxrfdtvdhoqgjapvzxdqqdanzejizf.jpg,1,3
764,805,vmjoagqsocvlzejinvgytizdxpbhzf.jpg,0,3
765,806,zoewwordiiyoueuztimllkvftkkobh.jpg,0,3
766,807,vatseefspvsqhdhwgnuglbmbrmedde.jpg,0,3
767,808,tkcbwoixofmaolntmfvliienbdofdz.jpg,1,3
768,809,lzeoocbmavdnknwkbcmjiyvvakardk.jpg,1,3
769,810,vbctisfxxpxuklgbyibqefeozpmgiw.jpg,0,3
770,811,cqlnluvdmthsupoqpmeakhwacncjes.jpg,1,3
771,812,qtrbvsnsewhqleokilxynjjmxtqehd.jpg,0,3
772,813,dfdwmbjhcgucbnbsanowgrsgticryg.jpg,1,3
773,814,fwxxyrdpmsjwreikgwnocqleeytefi.jpg,1,3
774,815,jqzvpqasufhixzxrepjifghcfdsiwm.jpg,0,3
775,816,dfiphtbjdqlbfwbrcavjuxniyhmuab.jpg,0,3
776,817,xzvlzjlpczribdyfnqrvfqwyvxpchu.jpg,0,3
777,819,osswldvlryegsqrzzahtctlfnudgpd.jpg,0,3
778,820,igztlvxnekgvrhzouplmalwgadjooe.jpg,1,3
779,822,fdmqoopxbplrqdgbjsfsnkislltona.jpg,0,3
780,823,vuezdvjdfalmvbeuvmpkzefxyzrdxf.jpg,1,3
781,824,vedhvbabqrnliprakhxyvqsspvosvm.jpg,1,3
782,825,xtluzjxaopcsoqcjfcnxbqafleowfb.jpg,0,3
783,826,imbbprwvxqrjpywuortdkwytpfahhr.jpg,0,3
784,827,buulolwbdhuiyrqgaiteadiljzosjj.jpg,0,3
785,828,uzmtzrefcdahbwqvjntmfpcnvskkuj.jpg,0,3
786,829,onmmqmaclgxvvlojphsiyfiengoxcs.jpg,0,3
787,830,esmvrdjcwstleaviidsugiofmjmemb.jpg,1,3
788,831,zaictnwytvlitwhuwxjvdgiycdiooq.jpg,0,3
789,832,bxeaxkqkamzqcdfaajiybvvxvqkmil.jpg,1,3
790,833,lhqpahksikiammhuktgjzczulprwrj.jpg,0,3
791,834,ogpkmpgergkqvufrdjwicdwwweagph.jpg,1,3
792,835,vdpugobucuokeehjvyplboxzbqveft.jpg,0,3
793,836,ergczyzhllvoskumrkngdpvqjjzfio.jpg,1,3
794,837,yuibmfqdhsawksrekgfnpynmttuirs.jpg,0,3
795,838,rrwtxefjhsdodbzipxvtfsawzglhsm.jpg,1,3
796,839,qsjnxrpaupjhcgikvqlhajcauhissa.jpg,0,3
797,840,hdbpxzzycbxmhtdjzgreegugifjikb.jpg,0,3
798,841,mkdzhgfrqpgkvgmfjdzkgdljgxbuil.jpg,0,3
799,842,cbcxffrtsrkmynokplvgcehktbftyw.jpg,1,3
800,845,xldajzjowwjicdobedukgexygviowv.jpg,0,3
801,846,dxvvzecbbpshpfoygmhuotnlrrbtxu.jpg,1,3
802,848,xbrlzpewefprijoujwdmjufgermdwo.jpg,1,3
803,849,hpkpizxbhygjxpkggxunjnhzfquigs.jpg,0,3
804,850,epnrpsjgdleufervdcbkrtgfnnbfzy.jpg,0,3
805,851,nkiosdfcgfxtfqgadwofgyxiyyflfq.jpg,1,3
806,852,kepfpmdawxispabidfriatsqorfdyq.jpg,0,3
807,853,zzpcszmvsjybewpvgdrrxuqghfgpef.jpg,1,3
808,854,ngdmtgmqyahlqjtjdrscolyhwxijsw.jpg,1,3
809,855,xlhcdybuwdqyzrnlqrkhtmspqxdbqm.jpg,1,3
810,856,hxdjcucrbkceqsqysitigyegxidzik.jpg,0,3
811,857,ngmqcjlkqzshcvlcnnldgplqvmipee.jpg,0,3
812,858,jkwbefhuwqejrxzsnszavfhqdnovgh.jpg,1,3
813,859,nrkdbtxydiryrdlzhciurshtgvekec.jpg,1,3
814,860,wwsgrddjsqazdybqxotetodwmhfwro.jpg,1,3
815,861,qxvqhymxgjzdnihalmsdigxyjtmyuj.jpg,1,3
816,862,pthaqvmsrkjsivzkvrfmzffxjrhtlh.jpg,1,3
817,864,xbzxgaxbzcfchvjoiqyrrdeofhnpiu.jpg,1,3
818,865,wygsvhwwvpsasnjiablgfraleeqxos.jpg,0,3
819,866,jkfqejidsxcwhluardggqfzwxldbah.jpg,0,3
820,867,qhvfxydwpweokfxfiwobhwzdomidid.jpg,1,3
821,868,fmfvfghsinkonxccjgusnozgemghyj.jpg,1,3
822,869,tnrflqyhayqftedyjuqnrxumrutztq.jpg,1,3
823,870,udfpsenomwrxrlupdgqmjuzbhfpapx.jpg,0,3
824,871,qcfxyjxbpeohycruppgrwrbmmgqhap.jpg,0,3
825,872,rpnarsepjmduabxaoglqtnlmnjurzm.jpg,1,3
826,873,sgdlskiyhvebaudsqlfszyslohqolp.jpg,0,3
827,874,qrrpnpukkwxkxnzbeondvlqqvljjit.jpg,0,3
828,875,kotqjibebsulvxwywnzpesxzmxnkmv.jpg,0,3
829,876,crlejkufdsvxrvgsitttbafwokmbiy.jpg,1,3
830,877,vcyfvxrsvaluiinwhimituunqqfvwb.jpg,0,3
831,878,heuuxfbctezhtpqdxzpzrgpkwjecro.jpg,1,3
832,879,mxpvljalhmabtlrogfacucyagvrpzc.jpg,0,3
833,880,ekhsqeikglgbtweorgldsicfxtomck.jpg,0,3
834,881,vizmjwxuqolzgehmjciyaxwqcpqbbu.jpg,0,3
835,882,bmfuiqctvegtolqbbmcfomduklrgyb.jpg,0,3
836,883,lewypbpoazikkpcihngwjntvyxopoc.jpg,0,3
837,884,hjnduugmtqaplhzparygqzacienndc.jpg,0,3
838,885,heuqhpcwahmjeeipvgluvesvgasxku.jpg,1,3
839,886,mxgczbrygsbtzvgotlkdhesmzbmhdc.jpg,0,3
840,887,dzjseqqhiwqnxopkdrxmkgxhqipjbl.jpg,1,3
841,888,vzwnrtcythmbzyhohywmkcfqjtbnxo.jpg,1,3
842,889,vhjiqpyrnbukoyftymlxgjyfnmwuen.jpg,0,3
843,890,qoboicanpqoqgtdtpbpujjucxqfuqt.jpg,0,3
844,891,rjbpcffujgzejzrdkuplntvxkskubv.jpg,1,3
845,892,zzkykwuddhweeowmgfkmfzrbeoqylp.jpg,1,3
846,893,zbnvyactzihdmdquebdhgtufczfsep.jpg,1,3
847,894,unpnnyrjadgobhkpzildjcepqywcnk.jpg,1,3
848,895,trznnzsgehbbgjcerujbkvensmguzf.jpg,1,3
849,896,larixiqhxghvearjzgboqrrhzwevxq.jpg,0,3
850,897,nelgcozrisbayqeopmnkjvutjwylwn.jpg,1,3
851,898,mzgyorbrsdhjrrrfbrfigomygexgth.jpg,0,3
852,899,jvahlwpbuqajffrwbcmdvjjthkjfrl.jpg,1,3
853,900,zppvqmcinubivgfyydmsmshmjrebnc.jpg,0,3
854,901,tdwhrpiruczqauiafkjqakqtmsazwv.jpg,0,3
855,902,ajchmdwktqtwitqgneeafxhidxamkg.jpg,1,3
856,903,zrvlkvltdwxhiglpuocpaqgiqnltzb.jpg,0,3
857,904,dmnoheipgfrpddjrompmbbeamnkdhu.jpg,0,3
858,905,gdaerivtdrevgzykzxkygfdxnonpvc.jpg,0,3
859,906,mtymkefmtnccepilrybitbnvuuhfwk.jpg,0,3
860,907,nhhffgrvqnsprkqlqnotosheujntzs.jpg,0,3
861,908,vluvivomlrbucplxubnnjjnqrotobb.jpg,0,3
862,909,dgvpyfcaevlthqplomgwuhnoajuwye.jpg,0,3
863,910,zkbkralkxupzdqkcprtjiopmabgdox.jpg,0,3
864,911,mbvxzwqbhfoihcdlhcdemyvppbhxda.jpg,1,3
865,912,umxpjanzgwhpnxfvapzdjtqqigcqks.jpg,1,3
866,913,gpdzmbpraahoopwhejmqwivkflodni.jpg,1,3
867,914,vykszwgmkjokbdgsoaatoomromgrrc.jpg,0,3
868,915,avwvzassocxwtlojdywtsfadlhikll.jpg,0,3
869,916,pmyubfgfrollnvldxlsfuyiktyuctc.jpg,0,3
870,917,caaanbfdannyhhjhixwpagygktuagk.jpg,0,3
871,918,vgicuoplaveehiznckgikoadfjkjlx.jpg,0,3
872,919,xxtbbtxrmahmoenymorwiwzqexskaz.jpg,0,3
873,921,nvuocdjbjrwocarelmqlggthhwhfyu.jpg,1,3
874,922,evagshnpvvgtrfpffihyasqsrdiwpk.jpg,1,3
875,923,zplysqonghuqjkeuchlpgrtvxoguer.jpg,1,3
876,924,rpvmnudowajssmsrbvtrddxdqbndlq.jpg,1,3
877,926,quszuahhdnqqnyzjpuynqrrgwhtxag.jpg,0,3
878,927,psifvwrylgembyiazjkjhvequaxpqn.jpg,0,3
879,928,hjwetiuvurvgbrjltkrqnxxpqvqjxi.jpg,1,3
880,929,aqolwcmqkjwnyntqjxlwelqggfdxcy.jpg,0,3
881,930,gkfzppfnyudvlfjjltjihfdeqxmbyf.jpg,1,3
882,931,nyslltsenmncdrwigjetpkalwygdgz.jpg,1,3
883,932,dsjbrulubqhgnczbjaxjgpajpwdclj.jpg,0,3
884,933,gbkwnxvtghembeknvbhaynwxnxlhjh.jpg,0,3
885,934,bakyihlfeuqedfiasisbhaltyyhhzp.jpg,1,3
886,935,lehjkmhecjnczgcqlmukifrditsuhl.jpg,1,3
887,936,imywhylxbwhithtbgaqspdvumnqwxr.jpg,1,3
888,937,hhrnkmszodxwjwikxbsmcnbwrddvgd.jpg,0,3
889,938,vkjjfilcpywjfvlodndfeovjgvnmxt.jpg,1,3
890,939,lfyovujiqapybinajxayjznpcehjts.jpg,0,3
891,940,bszfernptnnwfktzdwxzpymffrfvtd.jpg,1,3
892,941,ggdhjmbpjmsypnhoygnjazxmmiajoi.jpg,0,3
893,942,rvgcevyaokrqpeqrjizdmcqgffkwqb.jpg,0,3
894,943,djzcaenuiuyjxjskpdwvsfoyffajpk.jpg,0,3
895,944,prlpybipvnotlvwcapikjbcfyudycu.jpg,0,3
896,945,repsmzcabcfwcpxwgrpsbhbqfeeegf.jpg,1,3
897,946,lcqwzgqhokntxayegewyimaoivtoqm.jpg,1,3
898,947,gfnnwwospjgyqghrcbknsqjogxmiiv.jpg,1,3
899,949,arklkremdlmwntimzthwdoyulrfwny.jpg,0,3
900,950,dyptlmycbpowmtzaralzdgnxgozdlo.jpg,1,3
901,951,ybzmqqlodkrvbcsghkjcxwdruopemb.jpg,0,3
902,952,hohsxxdwzmeqmcrpvnzmuooozbtvia.jpg,0,3
903,953,sqaxzjmpycobmrweovtrzdtgmtmzni.jpg,1,3
904,954,hsozemoydvjgwrrcjwczacsvvziofs.jpg,0,3
905,955,dkmgufimutebgluihdujtpdyrpwsto.jpg,0,3
906,956,jsunzhhoizlpdbzikcezigalacrvrz.jpg,1,3
907,958,cruutpydetlyxxnzfjkedebmqxawxh.jpg,0,3
908,959,rftqcdlvfxatxhauwjymyodlmwqhfg.jpg,1,3
909,960,qzzmkojhpgzvkvqkaojqmuxyvmblpv.jpg,1,3
910,961,zzvhkvgfjudiormxthpoglrmgvphgz.jpg,0,3
911,962,ovodrkrurbwedmjzbetggroiixdohe.jpg,1,3
912,963,ylxeiydkcifgvqtjxslawmjtydssls.jpg,0,3
913,964,ztkarwcdrtkcugmxfsrrqhrnvtfdwl.jpg,0,3
914,965,pruszffxzorshwrtgdlwuatljbpbsc.jpg,1,3
915,966,bypdthgrbdszfzyxdhptlbgmxbueyj.jpg,0,3
916,967,kuvzssnqboopvvacenjfgzglajsfsk.jpg,0,3
917,969,esnluvhtqidrmszlwleweibivslvrr.jpg,1,3
918,970,astkaukqxmqjuyncgvwfzbydgbtlvg.jpg,0,3
919,971,jwghapwjcmxmqiohoeavwpazwuvsqr.jpg,1,3
920,972,acbcufgusmnchzbuiuxluaizkqvobc.jpg,0,3
921,973,vtdmprftpswnzxwrgrucszdhsnehla.jpg,0,3
922,975,zpfqpwuxxlpsshtufxtixxtivzbpfw.jpg,1,3
923,976,qfeygtqkgfdtbmunzdmaralauijizb.jpg,1,3
924,978,udrihxpesafdlhzdgdxyrkjwxluirs.jpg,1,3
925,979,ysbjqxmnejtmiwzlgqgtlnryleidye.jpg,0,3
926,980,nsyuicacwfiabdxiadkdzregwcpaas.jpg,1,3
927,981,cvkfdxcopqlrsadqmweypjtbmdsxab.jpg,0,3
928,982,hijxddncbcjlrtfnhxiiknslsottkh.jpg,0,3
929,983,ghrmrfrolhxyxvjxptjaiaixlbholy.jpg,0,3
930,984,zkwxmjokrrqcphllpzccmpnxxxxwgl.jpg,1,3
931,985,uckabtcfikfnyigvguvdsxjphbqixe.jpg,0,3
932,986,zdjeqwahvijdfbomkmwasawuxbvlar.jpg,0,3
933,987,svcdnpquqnpyvoclkewomjomiddkoh.jpg,0,3
934,988,cgwdqwlcoccoxkgsojluuxxruomhfb.jpg,0,3
935,990,tgyqgaxokskjyrfzzhmwjhzjarggwn.jpg,1,3
936,991,vatrstfzimhxetywhntyjsmxqaiurw.jpg,0,3
937,992,plyrslrsvfagfuxmbxwywfacilbeox.jpg,1,3
938,993,pwhssnwqwkabxzuxxozfapxsllqvva.jpg,0,3
939,994,ozfxfueqfdwzhryxxflxjdvqmkhwqd.jpg,0,3
940,995,tgssmpuowujszxqpjvxgwyymzbkikx.jpg,0,3
941,996,ajfldfzndyfdodmknemntrnnbmyjry.jpg,1,3
942,997,fqoupwfhdrmccemzqoftmcsfqxmizt.jpg,1,3
943,998,blbabryszqrxysxftlqxqbpxowwxuc.jpg,0,3
944,999,mfilemgdhvflelidqsradfkrvtqcmy.jpg,0,3
945,1000,pocrhzjbbeihsclqyybhdtrtbgfnyz.jpg,1,3
946,1001,qmltykiislwklsklnzhcsrfsqwmaun.jpg,0,3
947,1002,jiglwqsexufypxdppnxrxpfknsdkio.jpg,1,3
948,1003,ncscpnthlkbkbrybjbklqlzkzstkid.jpg,1,3
949,1005,xvuqpghikwtbkqktzotnqwmynfveii.jpg,0,3
950,1006,xednjuokdbmwqlxkkznahrkaikyjgr.jpg,1,3
951,1008,aldgvqgvvubfsrpqadningpwdwwjji.jpg,1,3
952,1009,iegowhssjdoeqzatoxziigkwceyxzo.jpg,1,3
953,1010,kierltglisujqwjvbyljhpnhoclufb.jpg,1,3
954,1012,owuysehbrtkkrcgjaocjtjbqeidthp.jpg,0,3
955,1013,cqdjlrayzabbezezeorfytdclhhsao.jpg,0,3
956,1014,ynqfdwpfaglatxhmsyhudkaobtjknj.jpg,0,3
957,1015,alcepsjrautrknnxxdnkraldhveert.jpg,0,3
958,1016,jqrajcokrrzcsedfkrkhzwwpdkamyq.jpg,1,3
959,1017,pgcwnxabgnfyipgijoqipuobxoscct.jpg,1,3
960,1018,susniwghkxvtakeqtoqgzqcrtbvayv.jpg,1,3
961,1019,ifxzqtqiynrhkoaqlpnuoosxksqxwz.jpg,0,3
962,1020,dmxiuglmblflcszviponrmqjtgvanx.jpg,0,3
963,1021,xnyzpubqutaneagsdiptpeyzjyjixh.jpg,0,3
964,1022,fjmhjzkfxneibvblroehhjvukxmbct.jpg,1,3
965,1023,ahpuycvwilxiipkimwzumzvwtiegom.jpg,1,3
966,1024,ptuyanryjcvdnfwkuyyjzkriehsfnb.jpg,1,3
967,1025,xrcnqqhbejambuvlwhikeznttypztu.jpg,1,3
968,1026,tvuhdlhawdfyoolgnlvjblmhlvhnod.jpg,0,3
969,1027,upiguxxebyjkvclwydlyglewwlxods.jpg,0,3
970,1028,pbrychhemdwfepmzxrpsrvqjwvjvec.jpg,0,3
971,1029,onyrjzzpcsvgfpgwminehgzddodtog.jpg,1,3
972,1030,tclvydvddkbjllhuwxdvffpmcjxuif.jpg,1,3
973,1031,mfwyldpbvertahbsahupvdzqeligit.jpg,0,3
974,1032,ljqwmijdoabltacwjmxpmfzqgrntni.jpg,1,3
975,1033,yxgrmdjqmsjmigzdpavsyuvkdxifrs.jpg,1,3
976,1034,ljfoynumcuizbsbazmtcztwvqsiqks.jpg,0,3
977,1035,ozcpkmxublcrwkckedavpppxsflbyu.jpg,1,3
978,1036,uxtsspzgfglzhdkpupxyjeqwjhkqua.jpg,0,4
979,1037,rxkqkebkavbowtipumptjapqxilced.jpg,1,3
980,1038,pkqkhnmfzhfkuhqlmgsymsmkzdbojd.jpg,1,3
981,1039,hfapbkmzaukgteyznxzekvlnopjtpl.jpg,1,3
982,1040,pnjdzhbefitbhvmgitpnwriicqecha.jpg,0,4
983,1041,wpicbsvbzhzohbcyqwnjmgsyogazme.jpg,1,3
984,1042,iijseyudfkzffnbewegaliecspsoje.jpg,0,4
985,1043,cretuknwxxgomuvfyqxmufphbiomzm.jpg,0,4
986,1044,moaxnhyidgejhztzrwsgqdzdrrdpbn.jpg,0,4
987,1045,xjrypbpbkifvjwlfvzcrelfgjdntzi.jpg,0,4
988,1046,wqaiekszkxpmevwfsnulgqntawluld.jpg,0,4
989,1047,idbmqgfkfblfxyoapbogjfzoihsawu.jpg,1,3
990,1048,lajbnufbsilkdlkzsrkjgvfhyielzq.jpg,0,4
991,1049,kifdcntkkexmcwemlwqludsfizurxi.jpg,1,3
992,1050,eodhtjbqngqohblzkawmgcdrejkxvm.jpg,1,3
993,1051,giigxikznzogtrwiqdlrgcdrhbndrp.jpg,1,3
994,1052,ahxmuirkfmvybugologcdxlconsfbs.jpg,1,3
995,1053,jlbgcutjfnyqsascrbcoofkcbhplxt.jpg,1,4
996,1054,ippggmhmertgtplyncbzjrpdwyzlux.jpg,1,4
997,1055,czbfqnlbawoxoekelhsqqeelermwqs.jpg,1,4
998,1056,vhgnqgtnkxleioqiuggdjktyawralu.jpg,1,4
999,1057,nfkiwtpchkbcfpcpryxdbfpnyodajh.jpg,1,4
1000,1058,onfmgfqokbicypriidugbfhcxvdebb.jpg,0,4
1001,1059,hfugennzaspblyszakjfezvwzgfnfp.jpg,0,4
1002,1060,fiqdcxovnvzymlxzrdahilaehlvwxt.jpg,0,4
1003,1061,rcrvbtptdmplhabjxrbrmxofgwcfck.jpg,0,4
1004,1062,bbnnirhwbpqrtjcxkdicxahpqepggl.jpg,1,4
1005,1063,buqtwduolgzpbaaonfaoljoxoijpqr.jpg,1,4
1006,1065,jalxzrotsgpawelahudtocqcacffqg.jpg,1,4
1007,1066,iopyxvgfsnjpnezquqowpedwmesabx.jpg,0,4
1008,1067,ajrloqosdahosahdgskiunbbgmzbnx.jpg,0,4
1009,1068,ejlgvrdessutninowqefntjvkjifpe.jpg,1,4
1010,1069,ecuptzpfygltduxkcfcdmuwgwgabpp.jpg,0,4
1011,1070,dlwfjuarrbdhmyqmvivmigwogbrvve.jpg,1,4
1012,1071,mzlbcxmlhimlebosrmupyfdenxqpvv.jpg,1,4
1013,1072,pkkcdqjewuwjmsgqukergsfsuazkfk.jpg,0,4
1014,1073,wugjycuvvnvdomsjvtpvotqsvhpeyp.jpg,1,4
1015,1074,ttuqxjhrmdqhppfxrbzgyciipwdxcf.jpg,1,4
1016,1075,raajqptsfsvqiwornvrvxijlkxrfia.jpg,0,4
1017,1076,nwtiibvwuhuhpxzitxjjdagnkfizlc.jpg,1,4
1018,1077,zoazisfzdglshxfajmhqgkuwjaprqr.jpg,0,4
1019,1078,wcztjsgjilvgcqrtjrmfcuccakrdpx.jpg,1,4
1020,1079,virwglzecaaogidwkiqeimdcsuyngq.jpg,1,4
1021,1080,hgbhvmgchsixnirburjixmorloqwja.jpg,0,4
1022,1081,xdovauzcyozonedjdnhyifihxzpzac.jpg,0,4
1023,1082,vqzhowagxtpegozkgtrhfiwdhwvjkn.jpg,0,4
1024,1083,kppkvjvggvydwzeljpfqoeskemxvnp.jpg,0,4
1025,1084,uvkgypcpwhxzecewisceyqvgqrlyry.jpg,0,4
1026,1085,ladmuplnxsmwnfkzjgcwxxiiwouduk.jpg,0,4
1027,1086,lkzeblenqbovljxpucpsufmprjxxqn.jpg,1,4
1028,1087,gviiddyxzzxeahhufylmqigymemiar.jpg,0,4
1029,1088,tjbvltdkyvpuhunuqriwulmgznviiq.jpg,0,4
1030,1089,ggyhyjsskaumafaleouvuyscinpfyl.jpg,1,4
1031,1090,csuuwclepbakojtvhlplvxenlnqeob.jpg,0,4
1032,1091,yyryzthcpgyiuurzmfwpgisjfmhvos.jpg,1,4
1033,1092,inrujatboubxctgxktbcqnuiemwrgm.jpg,0,4
1034,1093,ahntiidispqylcvpooobbrdsimenol.jpg,1,4
1035,1094,dvrxczrzjwjgyqgfgegvhwnbhathms.jpg,0,4
1036,1095,uqemxrpkidnoqugrinhsjfvxsftqeu.jpg,1,4
1037,1096,yjhwtbrynmfyjvpnrixsjkhzwmuftc.jpg,0,4
1038,1097,gqvlpcoulkstqqwwosnyykhlvxbwtg.jpg,1,4
1039,1098,ghmijyiesngyvgpegpucabzamjblhg.jpg,1,4
1040,1099,fxvcfrxiuugxcrdvdbfnchmqnjohot.jpg,1,4
1041,1100,tsywmjkganubokfzqluqvfvhjcnsbm.jpg,0,4
1042,1101,hhzjziuzpzjalbviclpbecvjqrclee.jpg,0,4
1043,1103,lnrqzpgatuqropuueaczkgaypzrlgr.jpg,1,4
1044,1104,ngkiehguuxbazfouhoackfiuznglay.jpg,1,4
1045,1105,zlkljhorpizivmudyemiiewjfctlnz.jpg,1,4
1046,1106,fcfxeivmcnzvbzjujnqfnyjripbhtc.jpg,1,4
1047,1107,xhruirxirjxtuugrhhhumfbfslhhwy.jpg,1,4
1048,1108,jgzycszpnsyqhgdbcqbqeljhleryjv.jpg,1,4
1049,1109,qpuwejyllmynnmgmiyniudatsuqyaf.jpg,0,4
1050,1110,vahmqzlbicjxilddkjgaefqmiugadu.jpg,1,4
1051,1111,knmagzinulmxsmpcbbjycblddpqzqp.jpg,0,4
1052,1112,uskyagfjmtbmenfhohuyztpaacvdom.jpg,1,4
1053,1113,trxvghnkpgqbreqgwhemptmpxvntso.jpg,1,4
1054,1114,xrljzwedeqovuytckfwmmsbpwntwul.jpg,0,4
1055,1115,lpjooozrbgoutstfqjmjjnmbfdhyxq.jpg,1,4
1056,1116,tudduzwurtulrsbunhukztfhckewls.jpg,1,4
1057,1117,lghflwzshvqnxymbaevpspfvpggsji.jpg,0,4
1058,1118,kflxueojaerzuurnanzwjqconxmgvy.jpg,0,4
1059,1119,soyhkxrqtufukyftfoiswmawjykygq.jpg,1,4
1060,1120,qgydqdleqgzihizyafjulywlmqrkim.jpg,0,4
1061,1121,ksbcapahwolfkcimlkyevqxcnexics.jpg,1,4
1062,1122,paznidqwjluzvcfwqwtbicfntnhoeq.jpg,0,4
1063,1123,uhwkqxrhlnkpwowtxbesjfwzazhxxr.jpg,1,4
1064,1124,xqrgtnwepjqcylazohkvbinrtudlns.jpg,0,4
1065,1125,kyejdarnvtaediutwflhgfdadtwotu.jpg,0,4
1066,1126,ybxkrinbuygrihovnjukchychbqpgx.jpg,1,4
1067,1127,mlmokfqnunuozvcadhcaijoxpwmgad.jpg,0,4
1068,1128,ymeikcmamddmjabgygvrqpqiazgeaw.jpg,1,4
1069,1129,ugqjoblxdhmbfgdlbgmpzorpuzhpaq.jpg,0,4
1070,1130,kvmbftolilmezbrtktattngwlqxond.jpg,1,4
1071,1131,dxulyaoosgkinkmpmnjukqyqzwvgtn.jpg,0,4
1072,1132,qnksbtbkdfclllfcbvowgrmqqdxlwl.jpg,0,4
1073,1133,wsopsnkhekldjpjicfjdtgobrololv.jpg,1,4
1074,1134,aciificrosunmvbdqgkbtchpzawkkq.jpg,0,4
1075,1135,getiewdijstnrhqdfbogfcwalvcmen.jpg,0,4
1076,1136,bdfsxxapztrhbmnjjxxrxpnhnuwzxk.jpg,0,4
1077,1138,jfvibkctangesudfaldrvxfetrlqfj.jpg,0,4
1078,1140,uwqxqtbugdixakfddfeofoycdynlzb.jpg,0,4
1079,1141,ypsaowlspxltklyqbbvfqwohecbotw.jpg,1,4
1080,1142,hdwjqqdkarrqltwnslvzarpzmbnvji.jpg,1,4
1081,1143,qquptmatjkzxuwkiigrxxmmqgrkodv.jpg,0,4
1082,1144,lvpociypogdmfiqxdsookchsiplbpz.jpg,0,4
1083,1145,vgpyzlbqwlqaadfqbwjzlhejmtipwj.jpg,0,4
1084,1146,xmsiyprvibhtotywnzzvgtkpsjxrrd.jpg,1,4
1085,1147,azkbnpwcbpgczhrrxakogdmhqlbzzd.jpg,1,4
1086,1148,zypzolrfxrwpsnredtykrepzarfyic.jpg,0,4
1087,1149,crpqcbskzewheohrtccujmzcpbibmo.jpg,0,4
1088,1150,pvpwikrdhgtpmhbzqmlrjqzaygeayn.jpg,0,4
1089,1152,xqjultlkywteeyuuxvtcfmrwqatbkd.jpg,0,4
1090,1153,vbyadivqvhndajgtrtwznqindzqgju.jpg,0,4
1091,1154,ihwakqdabfdfnixzvcmnqcjtpaevcl.jpg,0,4
1092,1155,mgiqmswpfmmadfzcpgeinzqkswkdvh.jpg,0,4
1093,1156,mpqmbhaysqzjmfibhwygwngzfopnfu.jpg,1,4
1094,1158,pmdborhabcjrdbdkhwiiezkmkzwnvz.jpg,0,4
1095,1159,kmychspsemyvuwmmrpzatjqixkaylj.jpg,0,4
1096,1160,jwliddyaqutvydqftfxgxzdmpyokii.jpg,0,4
1097,1161,cqpkwmcvjustitisurvvxhguqkqlcm.jpg,0,4
1098,1162,onckvuntvxaqrotcibtmkgyhkmlfui.jpg,1,4
1099,1163,vwogefxkinklwwskvbccplrerwduyb.jpg,1,4
1100,1165,kkkjkaheyowlmcjdtsnewomlijcerh.jpg,1,4
1101,1166,ziuzufbanyqlkteylhzypvvgmkcans.jpg,1,4
1102,1168,stsewrjwgukveafjkbzjljawezvuck.jpg,1,4
1103,1169,nfabxlejvjjptbithckvmwxiyxrrhr.jpg,1,4
1104,1170,eiourdtjqltuzxrcniohobbxkfvmup.jpg,1,4
1105,1171,dtrlwzntgfeyuzgelpgqzalycwterw.jpg,1,4
1106,1172,gmfqxdujxlpwhdyhbpnczckmpdybfi.jpg,0,4
1107,1173,yjrjgpdvfiheceeufyqnavkttlseyn.jpg,1,4
1108,1174,xzmwloigjqhtpogryhhaercbsbayqn.jpg,1,4
1109,1175,xthwtlmcujmnkrqpwocxlyqmocpeaj.jpg,1,4
1110,1176,iglbldmphntooxnjvfualqrmztimhj.jpg,1,4
1111,1177,yhwfqbloqnamhnayqbcbrqhpghliat.jpg,1,4
1112,1178,ywsfuixhgjggbnivmbycttvricdmgz.jpg,0,4
1113,1179,ibniuopkurdvevhnmseizirfivlkxr.jpg,0,4
1114,1180,gdcoqmmdamygotimbpptsrdkfgncxr.jpg,0,4
1115,1181,kldmnfyleuehvuhrzcvzobrtkkzues.jpg,1,4
1116,1182,qpylgrncyrmbzakbzfeiacilcnlycu.jpg,0,4
1117,1183,gtzurjavpwvdfgkayjdynxafofdyia.jpg,1,4
1118,1184,qhhbjztpiuxraspbwbypjjawhfafoi.jpg,0,4
1119,1185,wagdixiqflnlkuokezsvstjglnnewh.jpg,1,4
1120,1186,htcjckxbidoioufvtnbnhksovbxbuy.jpg,0,4
1121,1187,shjmagcpzcbzjvybzvgwatukbbaxpz.jpg,0,4
1122,1188,prabntxtvxhcprddkcjphkukjnhkqk.jpg,1,4
1123,1189,vclmsjxnzxnycmysozzvofxmelueoy.jpg,0,4
1124,1190,avonwanlpmjublxobnbelmbqlhyhfs.jpg,1,4
1125,1191,wavcvmhtdtizmnguneqdgxmbtuqkxw.jpg,0,4
1126,1192,tsdnumyxjxdtpmjzgsbuhaoibrbgur.jpg,0,4
1127,1193,heqiaofffcburzidjsvkjwlbkddobm.jpg,1,4
1128,1194,fixdgxhzcchvubfhadkvdfvefiohmc.jpg,0,4
1129,1195,wrgixgvogbvrvrvslnkuweluxuqlwq.jpg,1,4
1130,1196,ogzhvivlbwtjpilkrvnolqkndpwtod.jpg,0,4
1131,1197,cfyvfdnelarfyxmouktgsoooweofva.jpg,0,4
1132,1198,nafxvtltrsnzawzesvlhrhogoyhhhy.jpg,1,4
1133,1199,xplnsocurfzjaqwmklwdrqhrfkkagk.jpg,0,4
1134,1200,asxjlptqlncdhuwnrmitrnfibrwvnq.jpg,0,4
1135,1201,kxfznbfvtkjmbxyfbqdsscmufgwero.jpg,0,4
1136,1202,bzplufpvmvfbbmbpqrozifdlelvjcf.jpg,0,4
1137,1203,kviztjbqgksyakfnhtqrndymtxunwz.jpg,1,4
1138,1204,gkxebviifcnfepepkzewerqlksciqa.jpg,0,4
1139,1205,pgmrvereabkbbzludfomyvwnmegral.jpg,0,4
1140,1206,cuyrcyiknlfplflhwhntqniyetqrdd.jpg,1,4
1141,1207,vicsvtopykjpjxindgzidwuvncbygv.jpg,1,4
1142,1208,vijkbvsrsmeurpxvwagjotamxlbrgk.jpg,1,4
1143,1209,bmipwwyounohgccldmwellfetufruq.jpg,1,4
1144,1210,wxgzvierevhtojakpqfsrlfhaqjdbf.jpg,1,4
1145,1211,coovnsfdkljilkmozibvtrrocukecq.jpg,1,4
1146,1212,zxbxybrknsjnwvnzdoyvduxocvmhcy.jpg,0,4
1147,1213,bumysvveeazrijrxjggemuksmzrnxo.jpg,1,4
1148,1214,lxzynbetcyiklhdyzzmccnphmutysh.jpg,1,4
1149,1215,eaxmwpspgnifqyfwbzbocbzhnvgyzo.jpg,0,4
1150,1216,acrbwwcknudlvwfjvfbreeatynhfov.jpg,0,4
1151,1217,ofpvlsvfmxdlakaztvzwwdegjvdofc.jpg,1,4
1152,1218,tjpvlyiyhycyouaxgnvyimsvolrequ.jpg,1,4
1153,1219,lnfpehvsapfzlwgnlvtfhsgivvuena.jpg,0,4
1154,1220,khtbxzclczktnqchxmxfvegnyikmqi.jpg,0,4
1155,1221,xfjcfajxezguwihtaskxrekkfuhmzv.jpg,1,4
1156,1222,pmsrgfqsvkwejgxorxgepvewttdxkr.jpg,0,4
1157,1223,oxwdopunokwctggrbwuloaqxynuqkl.jpg,0,4
1158,1225,bbjxnuqmvboqpfkaphzvtzsocoyxri.jpg,1,4
1159,1226,npflwmbacyzuopbqgqpxeaghyajzer.jpg,1,4
1160,1227,eeqwbaulsufnzyosiyusetoxjpnkvn.jpg,0,4
1161,1228,qwcvcqgdcauspyspzvmkremawkbxrl.jpg,0,4
1162,1229,ljqzxpjalisyoqanegsoibspydzays.jpg,0,4
1163,1230,jmqwkyiohzkarrxwjmirgzppjotjxa.jpg,0,4
1164,1232,fdvsetdagdudjtstnbcxbcbqkvfygm.jpg,1,4
1165,1234,rcpyoocumwfiezbebdyxrkapachagw.jpg,1,4
1166,1235,qcintklpahsyflzcrevzlsmptelpaw.jpg,1,4
1167,1236,rqzcwasesgqerafyzxxidrmpzvdynk.jpg,0,4
1168,1237,lspfjglbboetoxthhqeevxsyvdoryz.jpg,1,4
1169,1238,zbjsdulisnypinpppprwsqhdiyvvom.jpg,0,4
1170,1239,cjwpnfekhljhtuetdninpdgeqdewqi.jpg,1,4
1171,1240,wqbxzcyqmqwpmwrzufwehothqavhtx.jpg,0,4
1172,1241,qawjsxxbmzgsmedxrvzhvahwrcyglb.jpg,1,4
1173,1242,iucvpgkqcgqthrcuwpdbakseqdebkg.jpg,0,4
1174,1244,aubccvelyliywpqzgdpwypbivlksph.jpg,0,4
1175,1245,nbsqacezbxfjxusnfjxrukaesvsaew.jpg,0,4
1176,1246,kilmfvixgbyinjaarumtpryqvqvluw.jpg,0,4
1177,1247,jdluhmkgwrndcbpakuejejgozwnhrk.jpg,1,4
1178,1248,ephswqkcpeioizkuebvyoryzafttzl.jpg,0,4
1179,1249,udkthuomyvqkftcqdheuesblkejojp.jpg,0,4
1180,1250,hiwgxsnpmjqzbprcwidavwhtgpaldv.jpg,1,4
1181,1251,xbfsgrgojkffhirxtovumcugujpjvx.JPG,1,4
1182,1252,asdkvskkjtxzuedzaecwnqblbcorxa.jpg,0,4
1183,1253,bzrmghogcsqxrnyseupryqumtlklqf.jpg,0,4
1184,1254,akyftmgsubfqvneoxaoclhwwvtfbjs.jpg,0,4
1185,1255,xxudpdlmzoqwbggnklivwrephxqgue.jpg,1,4
1186,1257,ziagkgwltrjkrjvbbpnzctjefiiskg.jpg,0,4
1187,1258,hhvcwwflndvijdhxmkfuyjnclnbbzr.jpg,1,4
1188,1259,fviuatnyidoogxihohcslvxjsvqbrr.jpg,0,4
1189,1260,hqkiscewcaqppiyjjuksivjwliehhb.jpg,0,4
1190,1261,ckofltoqmzivjbakehrnhycvqblhqt.jpg,0,4
1191,1262,uzolgnfpdfgmgrdcbpoqlpqcrqpwkf.jpg,1,4
1192,1263,zbbcssleemhzlzcmgjwyufhugdrwko.jpg,1,4
1193,1264,ymzylicduucrjolqeskcegusxlvyoe.jpg,0,4
1194,1265,vmsoqgjprcjtnfjoatgxdpjooxunty.jpg,0,4
1195,1266,sdjvggdwhfxqtxjgkcxxdquukvvsxa.jpg,0,4
1196,1267,libzmjtyslyixbupphdsmjnidmnuhu.jpg,1,4
1197,1268,qifbuefbcygcvnkykacoouejurpzxh.jpg,1,4
1198,1269,fzzerkfxkskldmdivgqwytijtcgncv.jpg,0,4
1199,1270,fwuxbadfizrgicahpdyzrdtcessmju.jpg,0,4
1200,1271,sgkacszfbqctjvnpsuzgqqvpoytpyg.jpg,1,4
1201,1272,ivhlscxcvysnkxhyhmadxjlsdksoxq.jpg,1,4
1202,1273,iavowbmvkaaadzalntnrfyuwjclcyq.jpg,1,4
1203,1274,bnefzpazanzhkwwqmkqfrwejnfrylo.jpg,1,4
1204,1276,msiigywzihqnqtrdcsdkdzpgeyylyl.jpg,0,4
1205,1277,iqpzuodtnmpojwmknnqzqojsrmpvfi.jpg,0,4
1206,1278,ymxaxlvgfgpohgbxezmtidtmoukirx.jpg,1,4
1207,1279,ufcmpdppruoridsesqcdoodwkybdtr.jpg,0,4
1208,1280,xynjzgadtivwpzihfeputzfhesxyjv.jpg,0,4
1209,1283,jgpxinvsgafzqzgqcanyiorxkrxohm.jpg,0,4
1210,1284,bfzywqezzscawfjsygusklocmwifue.jpg,1,4
1211,1285,ntmeirfkhiktgyzyegesnlqrsgmbsf.jpg,0,4
1212,1286,kudirqrbnyrkjtlbrtlvqerreevrgp.jpg,1,4
1213,1287,lbiqrmksaxzxrzlebhqldmcptalxtd.jpg,1,4
1214,1288,ysrcoczwayzltiuzsuujcczvnqancc.jpg,0,4
1215,1289,cxxmnqdjxblkxkojspbzdgeoybkyxu.jpg,1,4
1216,1290,bepkxvwpehwdzhpqsminxiiusoitjo.jpg,1,4
1217,1291,pjkrbkhrpyvmcyzafzpeddwewhdqsn.jpg,0,4
1218,1292,sewpbsyvoslfvuefcbhbaamxdaknht.jpg,0,4
1219,1293,kdrbotkekmhedwikwlnwcrunggyzmx.jpg,1,4
1220,1294,llzvwiafucclynnqdfdelujavtdbku.jpg,1,4
1221,1295,uippqurtssjhoshshyeiccweauxnsm.jpg,0,4
1222,1296,ngtxibxbbumuamptuptfiufsdbqtpt.jpg,1,4
1223,1297,rwmfodrxakkcyyulinfjpgaroaewbg.jpg,1,4
1224,1298,kpcznzbgvgwliaqhkcrwsusssykqvs.jpg,1,4
1225,1299,dunxkrdrwflfehxmvrbyewkyxecctu.jpg,1,4
1226,1300,zztsdlnwthvfwwtwwuqskyssodjcib.jpg,1,4
1227,1301,dugilrfchbpvfsbojwitoywjprqqnp.jpg,1,4
1228,1302,udwpugycasnjnievqfcquptzxoonuy.jpg,0,4
1229,1303,hxjwafskxmlfaotwaklzuwuccsbxfu.jpg,0,4
1230,1304,oyodauphffgmzmvqlykcfvmyxartok.jpg,1,4
1231,1306,mzjjvzkzvqmyukzsegtoktaslejcdz.jpg,0,4
1232,1307,dbjdjyhnbvblwhhnfzaahzhdezbbib.jpg,0,4
